,name,age,street,city,state,zip,lng,lat
0,Kelly Simmons,55,12211 Smith Lakes,West Courtneyport,South Dakota,41265,44.407761,49.9369225
1,Tina Beck,72,043 Hernandez Parks,Katherineland,Missouri,94373,123.393267,38.768837
2,Phyllis Lynch,73,5053 Bruce Square Suite 404,Billymouth,New Mexico,66852,166.266651,55.3010295
3,Alejandro Oliver,33,5484 Hill Tunnel Suite 168,New Krystalberg,Arizona,19952,0.141638,72.695559
4,Joshua Malone,27,26309 Megan Plaza Suite 181,West Meredith,Tennessee,04863,-173.103599,-38.973567
5,Richard Whitney,79,6695 Cassandra Circle,Deanfort,New Hampshire,69564,-165.450499,-22.8803945
6,Thomas Case,28,55907 Bruce Stream,Karenfort,Utah,27562,-33.881082,-2.3173755
7,Jennifer Thomas,41,30923 Grant Light Suite 879,Johnsonbury,Idaho,46025,-122.959023,-69.954748
8,Adriana Goodwin,56,75996 Gail Station,Wilkinsonberg,Rhode Island,60687,125.177392,0.9203625
9,Rachel Gonzalez,18,384 Vega Camp,New Lucasshire,California,83809,156.918277,32.8412225
10,Robert Wood,77,727 Taylor Road,Daletown,North Carolina,53784,-100.582386,-45.6390825
11,Corey Oconnor,49,9137 Stuart Junction Apt. 384,Tracichester,Kentucky,83701,49.320219,32.262208
12,Maria Richard,21,515 Brian Cove,Hernandezton,Virginia,92838,78.183218,-34.1204255
13,Victoria Owens,80,593 Bailey Village,Ramosview,Oregon,17064,-63.991602,60.3925615
14,Samuel Marsh,73,892 Best Mills,Bryanchester,Iowa,00542,-29.418890,-65.6598105
15,Sean Campbell,30,137 Young Vista,South Jordan,Illinois,01679,-146.672203,85.706967
16,Anthony Shannon,39,698 Conrad Court Suite 752,North Carriechester,Florida,73695,20.857271,21.137695
17,Crystal Thomas,38,3982 Williams Walks,Port Carlborough,Alabama,79423,176.560983,-8.394899
18,Daniel Neal,49,20247 Sanders Vista Suite 164,Gardnerside,Missouri,93569,62.917012,-18.2375615
19,Mark Wilkins,54,6761 Thompson Knoll,Gouldside,Florida,17856,-49.435608,70.750188
20,Catherine Andrews,33,594 Jessica Loop,Williamstown,Kansas,78757,73.097191,7.214245
21,Jacob Mason,49,030 Robert Expressway,Michaelton,Rhode Island,59773,-77.248943,11.0055975
22,Gary Turner,76,905 Janet Falls,Nicholsberg,Utah,77800,-15.450800,57.285179
23,Jeremy Dixon,45,52601 Burton Plaza,New Kenneth,Kentucky,38957,-107.751825,-77.110801
24,Steven King,18,89306 Christopher Pike Suite 809,New Amyland,Indiana,94771,8.609934,29.153767
25,Dawn Jackson,52,7418 Anderson Skyway,New Lindafurt,New Mexico,31090,51.538466,32.0857295
26,Andrea Clark,73,717 Allen Crescent Apt. 850,Port Victoriaton,Oregon,05752,170.499022,70.271881
27,Christopher Keller,76,6568 Gilbert Pass Apt. 050,Rhondamouth,New Mexico,95617,-94.012762,14.0425045
28,Joseph Thompson,36,37076 Salazar Court Suite 521,Hardyborough,Minnesota,73557,156.380375,-43.701189
29,Nicholas Smith,24,0304 Edwards Prairie,Kramerburgh,New Hampshire,74881,-6.838308,76.380036
30,Beth Morgan,63,875 Rosario Divide Suite 454,East Lesliebury,Vermont,39043,14.205484,6.414393
31,Kimberly Miller,45,30267 Gonzales Garden,West Phillip,Maryland,12544,95.156949,-16.3183815
32,Allen Watson,58,39419 Riley Spur Suite 180,Port Kellyhaven,Missouri,86416,-43.231539,87.7095085
33,Melinda Salinas,52,821 Mary Fall,Carterside,North Carolina,36037,-167.589324,4.4644805
34,Joseph Chandler,42,52099 Sheila Shores Apt. 416,East Kayla,Colorado,70212,25.001347,-41.962230
35,Adam Barnes,22,324 Daniel Land,Burnettville,Hawaii,70508,147.593588,-3.3446285
36,Timothy Mcdaniel,19,05313 Pearson Well,New Josephhaven,Colorado,45430,-175.814437,21.8702315
37,Carlos Turner,62,1131 Austin Dale,South Michele,California,19292,63.164674,-78.739450
38,Daniel Lynch,49,887 Heather Street,Lake Travis,Vermont,99801,-150.448786,-68.0698255
39,Bruce Hoffman,40,99498 Hughes Camp Apt. 898,East Dustinburgh,Alabama,11331,32.267373,-52.019491
40,Sandra Russell,37,859 Jason Rapid Apt. 500,Connerbury,Indiana,18625,70.589240,-35.269718
41,Erin Powell,33,316 Heather Square Apt. 472,Toddburgh,Wisconsin,15051,29.522055,8.9835595
42,Robert Ball,18,101 Ayala Prairie Apt. 245,Lake Donaldville,Tennessee,52654,-23.132152,53.449447
43,Michael Murphy,19,125 Cameron Well,West Tammyport,Alabama,57643,26.281282,27.5247795
44,Joy Mason,26,867 Mary Path,Jesusmouth,Utah,10629,-59.731128,-20.6414495
45,Beth Vaughn,68,304 Hooper Run,Sabrinaton,Virginia,78946,46.897705,15.900121
46,Caroline Thomas,21,233 Collins Drive Suite 805,Lake Amberville,Hawaii,55456,101.466027,9.781034
47,Diane Roberts,67,43383 Washington Point,Estradaburgh,Vermont,41650,-111.213513,17.346134
48,Heidi Rogers,44,1835 Gonzalez Neck Suite 325,Morrisontown,Maryland,71709,-12.754550,10.753967
49,Miranda Rodriguez,73,6063 Theresa Expressway,East Jonathanchester,Montana,51881,176.045660,19.8776185
50,Susan York,50,850 Tamara Unions Apt. 459,Lake Edwardbury,Minnesota,39101,116.066915,-14.0920375
51,Jacob Sandoval,32,98601 Linda Orchard Apt. 950,Robertmouth,Vermont,37586,-113.902852,81.390665
52,Renee Ruiz,52,116 Sarah Valleys,Dannyshire,Virginia,09876,-33.758658,-82.753555
53,Deanna Chase,25,163 Lopez Forge Apt. 267,South Nicole,Nebraska,10847,-159.940871,88.5043765
54,Caroline Forbes,57,92618 Darren Drive,Odommouth,New Mexico,13695,168.385780,5.395016
55,Tiffany Sanchez,22,038 Bruce Coves Suite 181,Nicholasport,California,68027,-7.361003,52.833305
56,Kelly Clark,46,2088 Allison Stream Apt. 361,Williamsborough,Michigan,07720,59.153890,43.749459
57,Brandon Murray MD,34,60906 Blanchard Mission Suite 003,North Annechester,Louisiana,76540,-11.415578,33.368387
58,Lauren Stout,24,76599 Matthew Fork,Williamport,Nebraska,48903,112.664417,31.216446
59,Melissa Bailey,40,296 Sanders Mount Apt. 080,North Alexismouth,Oklahoma,82098,-74.581739,-19.3442425
60,Patrick Harris,36,67027 Ortega Plaza Suite 067,Rowefurt,Louisiana,44277,170.371924,38.036411
61,Christy Santiago,52,12507 Vincent Circle,Townsendtown,New Mexico,78666,42.504953,-77.8926255
62,Patrick Berry,66,67884 Maria Green Suite 732,Lake Jesse,Tennessee,37159,6.430622,-59.7649315
63,Lawrence Harris Jr.,35,294 Aaron Springs,Martineztown,Nebraska,80638,56.910973,-74.995616
64,Cynthia Stewart,23,0585 Lauren Field Suite 449,Gallowayburgh,Connecticut,28304,36.239597,-61.419927
65,Bradley Vasquez,65,573 Elaine Mill,Paulfort,Delaware,13447,123.237537,8.6054195
66,Ian Sharp,74,04117 Tara Parkway Suite 371,North Jennifer,Alaska,02307,48.672636,20.1634055
67,Marilyn Parsons,45,604 Beth Stravenue Suite 771,North Alyssa,Delaware,94578,177.074877,-0.3420625
68,Charles Johnson,41,683 Griffin Corners,North Heatherfort,Georgia,84017,-139.201562,-13.8466825
69,John Frazier,20,70686 Patricia Plain,Millerchester,Oregon,56936,-145.492462,-77.804192
70,Francisco Webster,27,109 Jill Burg,Smithhaven,Arkansas,07223,161.265739,-50.3351435
71,Daniel Avery,24,8100 John Street Apt. 161,Leeview,New Jersey,93721,148.475097,-16.504370
72,Ashley Harvey,24,402 Ramirez Springs Suite 427,New Christopher,Maryland,20904,136.322957,-73.968603
73,Sherri Humphrey,26,779 Christian Knoll,North Hollyfort,Vermont,74259,72.047950,56.0439445
74,Dennis Wilkerson,28,790 Joshua Forges,Kimberlyland,North Carolina,11616,-161.957581,29.492365
75,Dalton Sandoval,68,46376 Kimberly Trail,Josephberg,Wyoming,33516,106.264734,-23.029894
76,Christopher Holt,76,184 Macias Extension,Port Davidborough,Illinois,83565,-75.802727,-4.2366925
77,Eric Cameron,78,779 Theresa Rue,Christinaborough,Delaware,19191,123.039695,-43.134640
78,Jessica Smith,69,655 Katherine Points Suite 924,Rileyfurt,Louisiana,11805,153.610113,0.021982
79,Alicia Gray,53,164 Matthew Field Apt. 929,Anthonyfurt,South Dakota,61201,-79.570043,64.437441
80,Mackenzie Brandt,78,746 Michael Green,East Karlville,Iowa,01884,2.892424,-19.499904
81,Amanda Walls,61,247 David Rapid,Branchfort,New York,35741,15.621837,-50.0827435
82,Carmen Ramirez,39,9593 Robert Ranch,Lake Kaitlinview,Mississippi,82176,7.142501,89.582085
83,Olivia Williams,60,481 Bentley Groves Suite 619,West Dean,Arkansas,58661,16.965002,45.3075355
84,Kyle Pope,61,7824 Robin Underpass Suite 562,Bartonhaven,Texas,90920,8.885672,-40.419919
85,Alison Miller,34,593 Michael Viaduct Suite 068,North Andreaburgh,California,10732,-57.085387,-17.0528495
86,Cynthia Thornton,70,6801 Mercado Lights,South Leeside,Kansas,76164,6.407137,42.288423
87,Marcus Young,75,341 Angela Manors Suite 381,Port Davidstad,Virginia,15250,99.840088,82.031298
88,Eric Dunlap,57,7719 Jones Isle Suite 184,Littleton,Mississippi,67435,33.712515,-41.0780465
89,Megan Joseph,38,80441 John Crossroad Apt. 663,Davidborough,New Hampshire,14569,25.730506,-23.9775285
90,Kelly Johnson,70,14866 Hannah Plain Apt. 540,Warrenmouth,Indiana,95984,-112.013337,-46.3996515
91,Maria Jefferson,32,186 Charles Club,Josephfurt,Oregon,13713,5.222433,-67.310243
92,David Golden,36,15886 Moore Mountains Apt. 003,South Margaretland,Vermont,54749,-87.876413,41.8191705
93,Mrs. Jennifer Hoover PhD,80,1080 Joseph Gardens,Brandonstad,Alabama,95662,-24.732379,-0.475849
94,Melissa Hayes,53,50050 Scott Harbors,Lake Michaelberg,Pennsylvania,39429,-135.545472,50.9286105
95,Jordan Moon,66,9772 Robert Ridge Apt. 064,Rickberg,Texas,25885,-78.175682,-86.9234225
96,Willie Bell,72,68998 Lisa Ranch Apt. 412,South Michaelburgh,Oklahoma,61189,44.415972,47.691489
97,Megan Schroeder,49,21398 Becker Vista Apt. 287,Jacksonmouth,Georgia,99536,-73.694845,-11.4336625
98,Adam Harper,78,41275 Hess Corners Suite 554,Hensonberg,Hawaii,39490,-13.618571,-59.9839645
99,Thomas Irwin,43,57307 Barnett Ranch Apt. 777,Hunterchester,Oregon,08120,148.603176,25.901309
100,James Wilson,20,720 Elizabeth Views Apt. 465,Stephanieland,South Carolina,27496,-86.547099,-87.6157945
101,Jennifer Dominguez,46,11649 Campos Radial Suite 865,South Tiffanystad,Texas,61024,-141.249798,60.376010
102,Miss Nicole Salazar,49,71185 Phillips Track,Williamsbury,Arizona,32239,-87.188646,-35.2846765
103,Jennifer Bryant,69,58539 Ian Shoal,Kathleenland,Missouri,83438,-145.713808,-74.6403975
104,Caleb Mills,75,72528 Alisha Knoll,Dawnchester,Alaska,13064,-131.006147,-16.202209
105,Pam Ashley,33,3973 Heather Underpass,South Brendaberg,Connecticut,15216,122.046791,-34.346727
106,William Charles,30,8950 Jacob Manor,New Misty,Wisconsin,89173,-49.868880,-51.7998795
107,Catherine Larson,55,981 Daniel Keys,Lake Amandafurt,Minnesota,34152,-158.122592,-21.9052685
108,Hector Garner,70,848 Peterson Park,West Ericaville,Wyoming,41241,-34.583749,-74.927523
109,Benjamin Bowman,22,80313 Meyer Brooks,Wendyhaven,Alabama,24331,50.412674,3.245094
110,John Elliott,64,115 Washington Trace Suite 036,North Austin,Massachusetts,25282,-52.417787,-30.4533555
111,Monica Irwin,62,23985 Harmon Heights,Tarastad,Arizona,13304,68.973597,53.2889515
112,Tracey Russell PhD,64,53517 Joseph Keys,Batesfort,Mississippi,07382,-16.542156,57.2608285
113,Gina Daniels,57,38217 Jeffrey Rapid Suite 649,North Joy,Hawaii,71452,17.613176,29.5304265
114,Jessica Lambert,60,134 Kristin Squares,Eatonstad,Idaho,53646,-54.241808,51.5268055
115,Brandi Vargas,58,097 Kim Walk,New Alisonstad,South Dakota,87944,-148.700182,14.2029325
116,Xavier Snyder,78,459 Nancy Ferry Suite 569,New Feliciaport,Tennessee,60883,119.958495,50.453793
117,Brandon Gomez,65,48408 Shaffer View Suite 197,West Cynthia,Hawaii,29450,170.310347,-74.958011
118,Ian Fisher,74,12667 Ashley Club Suite 620,West David,Indiana,90222,114.549395,70.138931
119,Vincent Phelps,54,556 Richardson Landing Apt. 870,Davishaven,Colorado,05872,23.637128,10.153856
120,Heather Marquez,38,929 Darren Club,Port Brendafurt,Tennessee,63596,41.278812,-43.995278
121,Matthew West,73,684 Rogers Park Suite 789,Rogerschester,Georgia,17617,34.205758,-82.7605025
122,Louis Burns,28,3102 Tim Motorway Apt. 008,Sheilafort,Indiana,99781,40.067904,-35.601769
123,Jeremy Bryant,22,277 April Groves,Ericksonton,Ohio,51280,123.790193,-24.6923825
124,Andrew Galvan,56,5866 Mendoza Circle,New James,Virginia,01303,-164.604916,60.3330205
125,Anna Spencer,26,127 Reynolds Heights,Lauraport,Connecticut,34824,72.824030,45.3795935
126,Alexander Ortiz,45,78694 Susan Alley,Michaelmouth,Hawaii,31231,-105.177569,-32.7915915
127,Ronnie Austin,27,7379 Webb Fork,Stonechester,Nevada,09720,-108.923731,42.191821
128,David Sanders,48,576 Reed Valley,Richardsside,Alabama,87427,-135.089356,30.436913
129,Ryan Jimenez,27,6787 Weber Meadow,Jenniferburgh,Nevada,60043,54.673831,-22.056206
130,Amy Hayes MD,50,229 Jonathan Shores Apt. 607,Edwardsburgh,Georgia,46893,-97.039697,10.544866
131,Ryan Davis,50,93034 Tonya Square,New Jillberg,Colorado,87783,75.917210,24.374087
132,James Sloan,23,1814 Alicia Lake,Ginastad,Colorado,63507,-45.493572,-45.4933125
133,Angela Becker,26,11749 Montgomery Heights,Harrellbury,Oregon,24512,-62.833175,36.400129
134,Michael Everett,65,53845 Craig Gateway,Port Katiemouth,Wyoming,87370,-57.392629,56.533727
135,Anthony Morales,57,9676 Matthew Brooks Apt. 541,Crystalstad,Missouri,60925,145.074331,-48.573711
136,Michelle Weaver,35,3947 Townsend Summit Apt. 738,Walkerchester,New Mexico,88254,-42.271689,-87.748591
137,Christian Phelps,24,581 Martinez Radial,West Joshuafurt,Michigan,38084,87.992606,78.560161
138,Angelica Nicholson,28,07983 David Glen Apt. 082,Chasefurt,Wisconsin,93038,156.963352,-31.771084
139,Shannon Stevens,55,9537 Conner Locks,Johnbury,Arkansas,81398,-156.078379,-73.421145
140,Benjamin Diaz,42,10168 Williams Path Suite 982,Huntshire,Illinois,24919,-107.788893,-79.236488
141,Kelli Butler,47,8376 Fuller Pine,West Peter,Utah,36838,-175.250854,-9.6303935
142,Crystal Mitchell,50,71032 Oneal Fall,Arielville,South Dakota,52643,171.249019,44.7931955
143,James Travis,46,8748 Garcia Crossroad,Patelfurt,South Dakota,85361,-121.255790,-44.3306725
144,Michael Olson,67,871 Watts Port,Port Amy,Michigan,68253,44.229235,-86.3932945
145,John Cook,28,3900 Scott Lane Suite 091,Gutierrezchester,Virginia,35905,96.912649,20.964761
146,Anthony Davis,29,25750 Kristy Path Suite 167,East Dianechester,California,19030,-117.354420,-61.8726185
147,Meghan Bryant,61,6128 Johnson Avenue Suite 013,Alexiston,Wisconsin,32424,112.477869,-82.230782
148,Kimberly Bates,57,2019 Nichols Keys Suite 060,East Sheilahaven,South Carolina,56218,-34.686562,85.648045
149,Nathan Torres,24,61148 Lowe Terrace,Jennifertown,Tennessee,01214,164.822864,-33.8548575
150,Samuel Mcdonald,73,94245 Jesse Crossroad Suite 085,Scottburgh,Nebraska,41498,-117.467559,10.0262945
151,Robert Velez,62,234 Patrick Track Apt. 905,Angelamouth,Kentucky,47833,-85.160848,38.5185435
152,Kelly Davis,33,7142 Dennis Way,New Michaelchester,Missouri,93116,79.452362,-79.067917
153,Eric Keith,68,5400 Shelton Village Apt. 522,East Autumn,Maryland,71153,22.316724,-4.332084
154,James Jenkins,60,338 Omar Plains Suite 791,Harrishaven,Arizona,92558,161.046789,74.3164875
155,Brenda Erickson,65,65012 Crawford Prairie,Lake Josephside,Nebraska,28377,52.296164,69.3281555
156,Cynthia Castillo,62,4868 Kathleen Springs Apt. 297,Lake Kimstad,Arkansas,31902,-154.133696,85.6175635
157,John Maxwell,36,04628 Price Prairie Apt. 798,South Rachel,Arkansas,71452,1.218959,-2.392583
158,Jennifer Flynn,51,6208 Dana Rue,South Catherine,Texas,16856,44.879109,64.127548
159,Patricia Mosley,23,249 Bobby Mills Suite 119,Waltonberg,North Carolina,65494,168.835307,-78.7515755
160,Linda Noble,68,62621 Little Lock Apt. 836,Goodwinhaven,Illinois,62309,160.151832,-41.0473195
161,Patricia White,50,9711 Alan Meadows,Johnsonchester,Vermont,55945,41.868504,33.4240345
162,Sharon Mitchell,29,566 Sarah Walks Suite 549,Jeanberg,Arkansas,56159,30.087812,17.3660025
163,Nathan Lopez,63,7727 Welch Squares Apt. 321,Morganburgh,Georgia,28179,97.874838,44.619378
164,Heather Perez,48,016 Timothy Shoal,West Brandonfort,Indiana,67285,115.795831,-54.2184635
165,James Williams,62,525 Edwards Shore,New Elizabeth,Pennsylvania,06615,101.974159,-5.740786
166,Christina Leon,32,19294 Singleton Trail Suite 577,Kingfort,Delaware,56712,-7.510316,15.376675
167,Brandon Brown,45,1262 Wise Square,Lindseymouth,Nebraska,84704,-105.199881,-49.5100695
168,Shelly Avila,39,017 Anderson Manors,Peterstown,California,57133,108.296666,8.0677145
169,Theresa Whitehead,26,8205 Ariana Forges Apt. 475,Derekburgh,North Carolina,71268,-109.568984,3.3298985
170,Melissa Ramirez,62,4604 Kimberly Mountain Apt. 262,Port Cynthia,Minnesota,70609,-7.813215,-32.1233065
171,Maria Brandt,67,65366 Nguyen Trace,Holdentown,Hawaii,00835,-84.090871,-5.6170235
172,Jillian Murphy,29,194 Alyssa Stream Apt. 408,Markborough,Illinois,07123,97.245686,-88.622529
173,Whitney Torres,19,92129 Kyle Island Apt. 951,Samuelberg,Michigan,44908,-25.470517,-53.2649815
174,Maria Keller,67,713 Leah Rue Apt. 630,North Zachary,Vermont,60967,-12.333314,-85.187869
175,Karen Cook,65,993 Jennifer Villages Apt. 565,Aliciatown,Georgia,99112,112.786495,-65.3132865
176,Karen Taylor,20,999 Jeffrey Fields Suite 408,New Anthonychester,Idaho,03497,96.713666,-82.0287065
177,Cheryl Farmer,75,182 Susan Loop,Atkinsonchester,Nebraska,79762,57.478198,39.214772
178,Michael Sanchez,34,62832 Yates Squares,Samanthafort,Mississippi,57751,-44.551945,-56.0346535
179,Donna Stevens,50,261 Estes Motorway,Lake Gregory,Massachusetts,32001,51.495155,-2.1091685
180,Miguel Ramirez,63,33685 George Viaduct,Lewisburgh,Florida,53521,-16.923564,16.2994215
181,Darrell Wilcox,62,81630 Natasha Plain,Torresshire,Arkansas,45393,30.969278,-67.835293
182,Mr. Vincent Davenport,64,75715 Rachel Estates,Williammouth,Florida,97464,-52.782834,-36.4503725
183,Shane Simmons,59,358 Wong Trail Suite 633,Toddburgh,North Carolina,66430,9.300269,-17.2315735
184,Samantha Chan,36,94241 Sabrina Mews,Bensonport,Indiana,40152,-76.836181,-33.5447895
185,Jared Austin,25,61585 Salazar Island,Paulland,New Hampshire,32882,14.177286,7.138629
186,Nicholas Maldonado,51,450 Kim Unions Apt. 880,Caseyberg,Arkansas,40074,62.354807,34.900717
187,Vincent Perkins,55,65743 King Forks,Port Candice,Alabama,56547,41.048189,23.279514
188,Eric Cook,21,351 Elizabeth Garden Suite 549,South Nataliehaven,West Virginia,03086,-123.683123,-58.104260
189,Sara Graham,66,044 Kelly Fields Apt. 438,West Mark,Michigan,96491,-138.124684,81.246100
190,Randall Chambers,55,9494 Brown Point,Vaughanville,Minnesota,67321,-73.967499,-40.1152855
191,Virginia Schultz,28,83260 Mason Forks Suite 993,Tuckerberg,Texas,50924,113.749298,-29.3050965
192,Kristy Walters,70,72663 Cole Tunnel Suite 420,East Sarahstad,Connecticut,71406,-110.997544,-60.348151
193,Grant Ellis,58,8675 Wilson Cape,Mitchellstad,Massachusetts,03737,-11.119223,-46.5520605
194,Jonathan Larson,76,2959 Adkins Tunnel,Dayfurt,Louisiana,18356,32.221403,69.402313
195,Brenda Thompson,32,7257 Perez Unions Suite 917,Floresfort,Kansas,32384,-29.225070,-37.709784
196,Emma Hansen,67,4688 Manuel Springs Suite 249,New Barbaramouth,Washington,22492,55.726562,-70.1468115
197,Jason Watson,60,724 Vega Corner Apt. 545,Hamiltonchester,Washington,54598,-13.354038,66.373036
198,Melissa Olson,20,69630 Gregg Locks,Lake Larryland,California,44976,165.434517,15.8597165
199,Katherine Freeman,19,69773 Tonya Trail Suite 168,Meghanmouth,Wisconsin,15166,83.804558,8.792260
200,Deanna James,27,960 Amber Mill,Lake Bernard,South Dakota,97505,-60.966113,34.742839
201,Kyle Murray,65,652 Mindy Valley,Port Michelleborough,Mississippi,12836,-24.241946,-19.5280805
202,Heather Davis,46,8898 Megan Run,Medinamouth,Missouri,59688,68.760411,50.3967295
203,Jennifer Obrien,48,84741 Palmer Forest Suite 287,South Lance,Virginia,84774,1.231223,-80.2952975
204,Melody Thomas,60,827 Collins Curve,Port Keith,South Carolina,67723,-91.044380,-4.309433
205,Ann Roman,38,17931 Jones Valleys,Port Anthonyshire,New Mexico,89869,-120.301201,-57.486062
206,Morgan Bell,35,407 Ortiz Drive,West Joshuamouth,New Hampshire,40844,124.648710,0.898436
207,Veronica Elliott,52,84019 Watson Locks Apt. 407,Baileyfort,Arkansas,39740,-59.806322,-81.5777275
208,Brian Hanson,66,0331 Laura Drive,Rileyfort,Iowa,85778,-102.480218,-84.9971865
209,April Powell,28,03092 Emily Garden Apt. 743,Woodwardmouth,New York,94620,179.794289,-57.056673
210,Jacob Sullivan,56,9162 Evans Park,East Anthony,Minnesota,85764,-13.138961,-76.9498975
211,Randy Allen,46,383 Haynes Prairie,South Mary,Virginia,94129,92.273970,78.4375595
212,Michael Peterson,51,9194 Heather Highway Suite 383,South Davidstad,Washington,71306,46.381302,-64.885161
213,Heidi Dixon,70,8662 John Roads Suite 652,Jasonside,New York,99445,-51.772693,63.022549
214,Sean Harmon,49,962 Theresa Squares,East Jaclynstad,South Dakota,31718,45.874207,36.354923
215,Kristin Ferguson,65,21968 Farrell Forks,Port Michelleton,Indiana,53250,-90.653567,-42.901780
216,Ann Foster,20,9005 Jones Circles Suite 403,Nicholashaven,Arkansas,09078,63.177553,-27.290655
217,Christy Hayes,71,196 Evans Pass,Mcculloughborough,Missouri,50922,155.825350,-38.0918285
218,Erik Mendez,32,3925 Cardenas Circle Apt. 472,Murrayport,Arizona,43880,129.285023,-45.818233
219,Corey Frank,23,887 Donna Avenue,Nathanview,Delaware,71067,-141.301920,24.1014945
220,Daniel Gomez,60,101 Olsen Island Suite 394,Lake Josephfort,Washington,82744,87.942553,32.861433
221,Tiffany Carpenter,41,7592 Rodriguez Greens,West Williambury,Iowa,39828,42.534028,88.2815925
222,Michael Lane,70,366 Mitchell Tunnel,Cherylberg,Texas,59868,-121.713008,-15.805984
223,Kirk Moore,26,9046 Tammy Plains Suite 155,North Anneville,Indiana,19852,145.388484,40.261327
224,Courtney Lowery,71,83266 Cassandra Hills Apt. 727,Port Mindyberg,New Hampshire,96671,47.017500,-49.473652
225,Kristin Wheeler MD,71,545 Delgado Forks,Lopezland,Massachusetts,86585,-144.296140,-61.4086055
226,David Johnson,45,05166 Gray Ford,Port Caitlin,Mississippi,89350,165.051798,-71.270321
227,Mitchell Schultz,52,7769 Mercado Ridge Suite 608,Roachfurt,Montana,65248,53.707690,-84.7951715
228,Patricia Watson,37,63648 Michael Route Suite 983,Port Pamela,Nevada,74855,62.643255,70.1454525
229,Kenneth Clayton,62,420 Matthew Rue Apt. 352,Kyleburgh,Idaho,25666,-69.106437,56.5443455
230,Jacqueline Collins,30,02884 Johnson Mountains,Robertland,South Carolina,18351,-95.312698,38.9565325
231,Danielle Fletcher,48,2423 Cooper Roads Apt. 936,Wandashire,Georgia,89177,123.248589,27.064691
232,Jessica Jones,22,299 Richard Stream Suite 728,Port Eric,Mississippi,93877,-25.990440,0.0914915
233,Caroline Gibson,49,4202 Bryant Point,North Ryan,Idaho,82875,127.432246,-37.620714
234,Scott Henson,76,359 Carla Fork Apt. 838,Oconnellshire,New Mexico,75643,128.065191,39.181255
235,Katie Bailey,72,500 Hammond Rapid,Brownstad,New York,69845,127.607800,63.617096
236,Ashley Rowland,66,0153 Long Court Suite 513,New Mary,Wisconsin,10122,-102.663991,-30.799579
237,Brian Farley,71,428 Amber Ridge,Joseshire,Connecticut,08575,67.443745,50.615067
238,Jeremy Cantu,42,9025 Brian Ridges Suite 644,Patriciaberg,Massachusetts,10436,-20.169146,-89.722052
239,Alexander Knight,41,96605 Kevin Bridge Suite 542,South Teresa,Kansas,49812,-58.512870,41.3559555
240,James Wallace,55,08750 Brandon Burgs Apt. 568,Moniqueburgh,North Carolina,88856,-170.198493,87.0793865
241,Joseph Steele,55,79307 Saunders Tunnel,Hannahfurt,New Jersey,85988,48.512389,-60.9645835
242,Andrea Benson,66,0138 Kevin Prairie,Saraside,Arkansas,41057,178.319100,-3.5832305
243,Angela Perry,38,859 April Crossroad,Port Donald,Ohio,83639,85.177300,-64.636758
244,John Curtis,52,38771 Stout Parkways,Arnoldfort,Colorado,62776,-61.062444,-10.044227
245,Monica Reed,76,592 Clark Ranch Apt. 087,Penahaven,Vermont,52286,111.521649,21.567304
246,Christy Jones,33,43969 Johnston Walks Suite 845,North Zacharyborough,Alaska,27694,11.403425,67.5069305
247,Philip Wright,51,71101 Lamb Road Apt. 247,Thomasville,New Jersey,45273,-179.728496,-66.924497
248,Adam Gregory,75,2925 Diaz Circle Suite 186,North Christina,West Virginia,46093,45.010983,61.5004925
249,Randy Graham,31,761 Melissa Trail Suite 514,Lake Jamie,Rhode Island,05070,1.574218,-28.895425
250,Lisa Dominguez,38,760 Jared Rapids Apt. 633,New Amy,Kansas,51926,-170.749423,6.490209
251,Jennifer Hendrix,34,1986 Price Valley,Meganbury,Nebraska,27902,-163.865998,-57.8450415
252,Christie Diaz MD,37,188 Diane Isle,Michaelville,Idaho,53675,32.127919,53.7953265
253,Charles Mccoy,27,904 Norton Drives,New Christine,Florida,97738,-125.445460,-28.053556
254,Patrick Novak,61,64888 Garrett Lake,Lake Jared,Nebraska,19361,94.876338,63.0892105
255,William Davis,75,04257 Wagner Vista,Lake Johnburgh,South Dakota,78012,138.888827,-22.096206
256,Michael Lawrence,49,700 Garrett Street,Townsendmouth,Hawaii,22173,86.963220,1.0566445
257,Angela Shelton,42,721 Lambert Port Apt. 639,Kathytown,Colorado,03560,118.337736,-22.437975
258,Denise Hansen,23,577 Martin Underpass Suite 416,Jonesville,Hawaii,22867,93.377269,-45.6303025
259,Kenneth Carlson II,46,83172 Timothy Views,West Sean,Utah,85566,-118.212210,56.628159
260,Doris Richardson,36,4055 Denise Meadow,Lucasburgh,South Carolina,17057,-179.258833,63.6195715
261,Fernando Ashley,32,191 Wilkinson Mews Apt. 399,Allenport,Virginia,31550,106.983714,-47.4184045
262,Garrett Wang,68,39683 Tammy Vista Apt. 489,Amyland,Pennsylvania,12523,-74.619716,79.0796455
263,Caitlin Harris,60,593 Chang Ridges,Whitemouth,Kentucky,23331,-149.258299,-15.077966
264,Megan Ruiz,27,4078 Mason Roads Apt. 245,Lake Lori,Wisconsin,40489,-101.472553,-35.5139305
265,Donald Smith,80,514 Rogers Divide Apt. 793,East Krystalton,Alaska,57654,-26.627219,-68.3511125
266,Mr. Frank Pitts,65,37824 Sarah Hills Suite 251,North Dianashire,Delaware,13907,87.411708,-82.524237
267,Sabrina Hernandez,40,482 April Islands Apt. 661,Michellechester,Michigan,66918,-56.421436,32.187995
268,Mary Jackson,25,150 Donna Ridge Suite 466,East Elijahburgh,Arizona,30911,20.937984,-79.0890265
269,Mary Shaffer,46,10850 Roberts Rue,West Michaelhaven,West Virginia,47340,-117.749488,-34.3038355
270,Henry Lopez,62,8781 Heather Vista Apt. 284,Francisborough,Idaho,21632,-133.797193,50.763479
271,Caitlin Pena,48,924 Michael Hollow,Aprilport,Nevada,80688,-49.453363,-13.8778205
272,Brandon Campbell,64,843 Teresa Creek Apt. 851,Terriville,Minnesota,70497,-98.124736,67.414447
273,Diane Tanner,21,943 Baker Island,Ferrellside,Virginia,42552,-44.252056,-1.7473755
274,Samantha Giles,52,5744 Jamie Forges,Tylerburgh,Massachusetts,11893,30.052958,-70.483255
275,Connie Holmes,80,608 Seth Corner,Collinsport,Mississippi,93964,144.355081,52.848137
276,Henry Hughes,75,836 Carlos Manors Apt. 503,New Benjamin,Ohio,48643,-169.653361,-80.6905765
277,Katherine Dorsey,25,4966 Maldonado Knolls,Taylormouth,Oklahoma,63449,49.584674,-69.2376005
278,Veronica Pennington,30,901 Walker Streets Apt. 923,South Teresa,Connecticut,58177,-171.447331,-29.032831
279,Heather Price,35,31896 Garcia Divide,Susanfort,Delaware,73468,-42.636243,67.2834255
280,Angelica Gross,21,959 Norma Crossroad Apt. 047,Lake Katieshire,Iowa,31502,-66.573460,39.692875
281,Michael Huerta,28,078 Amber Island,Port Nancyland,Rhode Island,24806,70.930245,-57.851492
282,Joseph Barber,60,7518 Reyes Park Suite 942,Websterborough,California,56402,-44.952936,64.1303975
283,Tammy Bryant,41,1570 Mary Cove Apt. 832,East Abigailtown,Maryland,31632,-169.052858,-30.240320
284,Sean Gomez,20,40475 Lisa Shores Suite 285,Matthewport,California,55374,73.071026,-86.308450
285,Michael Smith,74,8051 Salinas Estates Apt. 761,Hillmouth,Washington,21618,116.130014,-35.5310615
286,Walter Glenn,75,43359 Roy Mount Suite 146,North Timothyburgh,Maryland,84557,-123.214303,-38.477112
287,Jonathan Flowers,65,3522 Jones Prairie Apt. 762,Cindyport,Virginia,95582,104.399315,-24.630498
288,Travis Butler,26,4637 Gabriel Fords Suite 187,South Madeline,Maryland,48480,-111.507650,57.637217
289,Robin Smith,76,7215 Maria Stream,North Kimberlyville,Ohio,89992,134.658855,34.9122745
290,Ralph Foster,48,1693 Allen Locks Suite 521,East Daniel,Minnesota,31335,-82.169392,38.491991
291,Dean Montgomery,39,015 Hernandez Course,Mcleanshire,Tennessee,75851,-114.436083,-45.877796
292,Marcia Evans,58,029 Gonzalez Spurs Suite 544,North Carlosburgh,Nebraska,88506,40.271846,33.7574475
293,Jacob Roberts,36,3621 Mccarthy Greens,South Cynthiachester,Florida,90861,-90.991904,9.692959
294,Renee Arroyo,18,1569 Mccann Dale Apt. 603,North Lisaton,Alaska,68783,-23.049663,44.470463
295,Lisa Smith,50,49602 Amanda Lock Apt. 756,New Nicole,West Virginia,91778,33.626220,-17.5985565
296,Darius Miranda,76,005 Beth Ridges,West Caitlinstad,Arkansas,30342,105.219503,71.4868565
297,Kristina Greene,73,702 Cox Fall,Tranfurt,Wyoming,94626,-144.981966,69.334404
298,Paula Porter,40,083 Page Shores Apt. 393,Jasminechester,Vermont,72460,52.408809,-46.875257
299,Beverly Harris,43,24907 Ross Trace Apt. 275,New Brianview,New Hampshire,51594,71.596116,58.718108
300,Caleb Walker,41,16373 Katie Rapids Suite 246,Youngtown,Pennsylvania,86681,-79.639485,-60.7516695
301,Craig Martin,80,95035 West Alley,North Joyce,Arizona,11120,63.134533,-62.4577805
302,Ricky Sparks,69,553 Martinez Flat Suite 752,Port Heather,North Carolina,82263,130.803815,-24.3095025
303,Donna Baker,38,547 Hale Mountains,South Jamesfurt,Kentucky,56397,-91.445128,2.826477
304,Matthew Miranda,24,75058 James Island,Toddborough,Pennsylvania,46057,140.328917,-56.9354005
305,Kristina Esparza,36,2875 Nicholas Stream Apt. 925,Jacobberg,North Dakota,01976,-25.374031,-77.4434535
306,Dale Young,66,1125 Brown Ramp,West Suzanne,Vermont,38401,104.934893,25.8270205
307,Rickey Craig,24,75432 Scott Streets,West Danielton,Minnesota,02061,117.368765,-77.332426
308,Richard Palmer,80,14279 Frost Fords,Rodriguezfurt,Pennsylvania,83062,-64.287465,-42.9228255
309,Ann Davenport,41,51359 Sean Harbor Suite 338,Port Royfort,Georgia,25844,-81.901731,46.107278
310,John Adams,42,383 Shane Garden,South Andrew,Delaware,25121,-67.815720,-65.427169
311,Jennifer Russell,75,6473 Davis Gardens,Port Staceyview,Massachusetts,89305,-111.511902,12.7393685
312,Michael Ball,62,08752 Meredith Centers,Port Rachelhaven,Colorado,80367,-137.593969,87.5635595
313,Michelle Perez,39,547 Mccann Terrace Suite 420,Stephanietown,New York,46472,57.214583,8.829612
314,Phillip Bartlett,58,34324 Kurt Road,Greenstad,Arizona,58804,-54.003494,-16.3603775
315,Sharon Rush,33,0375 Kathleen Isle Suite 024,Lake Ashley,South Carolina,22085,77.193115,28.4727815
316,Shawn Fernandez,51,763 Kimberly Passage Apt. 878,South Nancy,North Carolina,61447,161.156555,-21.8214445
317,Brian Flores,77,2824 Travis Ramp,Lake Rogerchester,New York,01058,95.189119,-67.387743
318,Kelly Adkins,64,67161 Thomas Harbor,Kiarastad,Tennessee,33938,130.255892,-52.7057265
319,Danielle Boyd,76,27784 Jonathan Station Suite 088,New Ralph,Pennsylvania,61283,68.017367,64.6564125
320,George Lee,51,569 Jonathan Viaduct,Port Michael,Alabama,71313,164.674181,-26.5109505
321,Samuel Cooper,46,3769 Rodriguez Mountains,South Tracybury,Oklahoma,58550,24.139861,-75.0118385
322,Michelle Garrison,25,270 Corey Ports Apt. 334,North Ronaldborough,New Hampshire,14338,-68.694513,21.700036
323,Kevin Williams,71,60745 Brianna Lodge Apt. 737,Williamside,Illinois,40642,100.847920,37.3929965
324,Michael Lin,29,79791 Delgado Land,New Deborahtown,Texas,75120,119.350026,27.0473575
325,Aaron Smith,24,572 Lauren Corner,Freemanside,Colorado,81149,-42.501471,-38.2765865
326,Christine Alvarado,19,805 John Island Apt. 971,Toddshire,Iowa,66018,-4.686768,21.503559
327,Jorge Simon,62,34570 Lewis Corners Suite 040,New Jacob,New York,70514,-139.411390,59.8131655
328,James Monroe,45,37714 Jack Corners,Dawsonfurt,Virginia,26121,15.463677,-57.243074
329,Mr. Derek Johnson,68,1091 Bailey Burg,New Henryland,Colorado,35909,57.240821,-56.663160
330,Mary Castillo,38,9782 Robinson Squares,Hardyhaven,Maryland,90355,134.360967,-33.3507665
331,Heidi James,18,93182 Eric Highway,North Kevintown,Hawaii,71602,-5.808474,-88.617527
332,Brian Mills,30,34317 Curtis Shoals Suite 154,Port Carolynbury,Arizona,92441,116.743116,54.3406015
333,Ariel Lin,20,87301 Saunders Ford,Port Amanda,Illinois,95426,28.459389,-69.0601465
334,Jennifer King,63,45592 Horton Ferry Suite 677,Melissafurt,Virginia,83390,150.838180,51.0517465
335,James Wilson,47,28620 Manuel Freeway,West Cherylborough,Virginia,68246,143.339093,-61.0432255
336,Dr. Shawn Phillips MD,68,797 Andrew Corner,Mendozamouth,West Virginia,94854,116.543218,27.2277865
337,Russell Peters,73,6948 Nicole Lake Apt. 629,New Judithstad,Delaware,62051,143.098435,-65.5292025
338,Jeremy Bennett,66,1230 Jeffery Causeway,North David,Tennessee,01804,-3.562719,-80.369028
339,Dillon Bell,72,87329 Barnes Forges Apt. 930,Port April,Nevada,97995,157.444126,60.344783
340,Shawn Mclean,24,4398 Michael Loop Apt. 928,West Taylor,Montana,84355,-5.987471,-60.692602
341,Jacqueline Pruitt,70,97989 Brian Lane,Francisland,Mississippi,81882,124.502738,35.9972785
342,Sarah Nguyen,31,57496 David Plaza,Lake Cynthia,Idaho,02785,-18.205202,44.3408725
343,Daniel Blanchard,34,74325 Ian Valleys,Ramseybury,Minnesota,66339,12.435221,47.419987
344,Derek Leon,54,6355 Reid Turnpike,East Dustinhaven,Maine,87866,-126.274604,50.229153
345,Steven Turner,35,2444 Marissa View Suite 420,East Frederick,Maine,54472,-173.967959,-56.957823
346,Jeffrey Williams,62,87033 Robert Manor,Robinburgh,Florida,56427,-57.778848,-68.0859005
347,Robert Willis,39,063 Shannon Field,West Jamieland,New York,99864,129.083286,33.9188925
348,Melanie Moore,21,37704 Samuel Key,Perezchester,Minnesota,71217,69.322614,32.1871775
349,Rita Wise,23,46791 Herrera Orchard Apt. 336,Mathismouth,Hawaii,56911,174.856494,-51.953187
350,Hannah Johnson,49,566 Nicole Junction Apt. 076,South Aprilside,Louisiana,50291,-38.585992,76.617372
351,Linda Patterson,73,82198 Sanchez Mews,Port Tracey,Colorado,33372,-157.216410,68.3090225
352,Natalie Kidd,19,1132 Justin Forge Apt. 664,New Virginiaburgh,Pennsylvania,27879,-85.532256,-80.377123
353,Dennis Ross,62,361 Dominique Roads Apt. 548,Lake Jody,Idaho,14626,-135.730377,-42.3735935
354,Ryan Wong,72,860 Green Ports Apt. 650,Port Aaron,West Virginia,91490,-86.788231,12.0133815
355,Jeffrey Moore,46,0969 Fletcher Causeway,New Debbie,Utah,82041,6.113370,73.724735
356,Ronald Porter,28,330 Katherine Overpass Apt. 021,Michaeltown,Utah,87941,29.648424,-23.284717
357,David Hughes,24,02272 Deborah Plains,Butlerbury,West Virginia,66387,-86.582359,29.2164735
358,David Smith,47,113 Claudia Station Suite 178,Danaburgh,Delaware,96344,-105.687648,26.1294615
359,Susan Leach,62,436 Owens Islands Suite 114,Torrestown,North Carolina,03548,-36.818826,2.009636
360,Joseph Vasquez,68,339 Allison Brooks,Brandonchester,Oregon,16546,-51.388512,-34.225972
361,Jennifer Miranda,29,34726 Adam Crossroad,Kendrahaven,Nebraska,20365,-82.262937,85.3081865
362,James Wagner,79,68474 Moyer Cove Suite 605,East Richard,Iowa,03941,-56.424129,-51.465549
363,Thomas Cunningham,47,15478 Willie Burgs,Smithport,Connecticut,59347,-27.358744,-26.777403
364,Lisa Campbell,63,26816 Washington Island Suite 525,Lake Dawnburgh,Louisiana,90181,-90.778060,-7.662457
365,Jennifer Ellis,51,8522 Ashley Knolls Apt. 872,Jonesville,Maine,49372,75.073822,21.1677285
366,Adrian Scott,49,0019 Cantrell Valleys,Elizabethhaven,Arizona,65128,-28.283512,78.574386
367,Tanya Shelton,31,76594 Justin Rapids Apt. 646,Joneschester,Washington,12569,-161.915709,1.1874395
368,Adam Patterson,28,630 Williams Gardens Apt. 405,Andersontown,North Carolina,77311,-139.730038,-23.1005325
369,Sarah Edwards,75,2672 Wong Port Suite 524,East Darrellhaven,New Jersey,24777,42.378872,-14.446854
370,Edward Miller,41,162 Alicia Highway Suite 275,North Elizabethton,Wisconsin,45418,62.454283,78.4416925
371,Alicia Hansen,46,2020 Adams Brooks Suite 463,South Christopherview,Iowa,34115,114.861540,66.911049
372,John Hunt,63,012 Zamora Hills,Christophershire,Tennessee,02564,-110.534464,-15.0658165
373,Dillon Lam,47,392 Kevin Plain Suite 791,Seanborough,Minnesota,06749,27.689303,-52.386664
374,Aaron Patterson,65,63867 Murray Rue,Millerfort,Minnesota,60655,-4.820869,-46.622054
375,Deborah Pacheco,64,67972 Crystal Streets,Hudsonmouth,Arkansas,44967,129.976195,-67.7573375
376,Lisa Gonzales,41,273 Amanda Rue Apt. 479,East Jay,Louisiana,72446,10.100931,86.655843
377,Thomas Phillips,72,063 Alyssa Ridges Suite 861,Maryview,Louisiana,44923,168.778423,62.8422055
378,William Oliver,71,0270 Holmes Well,New Anthonyport,Nevada,23353,-145.233413,28.620983
379,Brandy Mclaughlin,50,0212 Joseph Grove,Martinbury,Pennsylvania,75011,-49.297728,-45.703244
380,James Pittman,31,4530 Katelyn Track Apt. 613,East Rachel,Arkansas,79006,55.964330,44.0817515
381,Melinda Taylor,18,043 Angela Skyway,Jordanmouth,Missouri,31462,-32.789372,-45.923465
382,Robert Nichols,24,8179 Martinez Rest Suite 272,Griffinland,Texas,66982,103.998763,20.0755135
383,Robert Murphy,20,6164 Stewart Keys,Port Patrick,New Jersey,72130,-80.933664,26.9161445
384,Matthew Franklin,79,0529 Ray Harbor Suite 438,East Davidstad,Arkansas,12524,59.437205,87.910489
385,Mary Cooper,52,911 James Mews Suite 164,North Robert,Arkansas,31785,50.371612,26.705518
386,Jamie Mcknight,46,426 Cooper Pines,Jenniferland,Illinois,87814,146.600971,-54.5638145
387,Natalie Carr,43,26356 Andrea Fields,South Samanthafort,Georgia,84936,158.992041,72.608300
388,Tasha Carroll,50,0436 Carlos Club Suite 126,Georgeton,Hawaii,99089,-75.692581,-74.604938
389,Roger Russell,79,41446 Angela Well,Rhondashire,Indiana,16500,3.455130,-12.828041
390,Samantha Valdez,53,540 Campbell Stravenue Apt. 737,Lake Nicolefurt,Kentucky,57767,-175.500266,3.530919
391,Heidi Santiago,42,586 Kara Causeway,Lisaton,Delaware,67958,-91.173990,79.8268035
392,Colleen Contreras,72,742 Mason Mountain Suite 859,Simpsonshire,Florida,78510,-51.081451,37.9192245
393,Jessica Huff,70,650 Amanda Isle Apt. 129,Millerhaven,Arkansas,09561,-41.773714,59.613073
394,Linda Weiss,66,487 Taylor Valleys,Tylermouth,Illinois,94676,74.940685,33.640210
395,Victor Cruz,77,8686 Hess Parks Suite 292,Kelseybury,Vermont,31502,-176.095912,15.844192
396,Thomas Jones,55,2479 Troy Corner,Lake Robin,Oklahoma,62931,79.709201,59.4619585
397,Matthew Turner DVM,48,52627 Huerta Street,Brownside,Pennsylvania,87825,-129.531781,72.013763
398,Anthony Evans,26,502 Smith Crossroad Apt. 606,Abigailshire,West Virginia,20161,-119.560708,-39.508519
399,Alexander Grant,24,5243 Morgan Fords Suite 564,Beverlytown,Delaware,41241,-92.014637,-21.9548515
400,Bradley Costa,45,63953 Jeffrey Way,Sancheztown,Washington,64749,156.456373,37.8826205
401,Caleb Vasquez,79,764 Callahan Springs,Hicksmouth,Rhode Island,38149,-80.638587,-67.2415855
402,Timothy Rodriguez,24,4387 Terry Spurs,Port Shawn,Alaska,78751,49.537355,-58.472242
403,Carolyn Henderson,37,4709 Jose Ridges,Jillfort,Hawaii,16487,-107.008976,76.9719365
404,Carrie Preston,60,4793 Collins Skyway Suite 428,Martinside,Minnesota,63088,113.860209,-13.4953795
405,David Smith,20,273 Cristina Port Suite 141,Ashleyport,Massachusetts,85324,37.449843,32.5487705
406,Sandra Pacheco,64,084 Thomas Mountain Apt. 140,Port Jacquelinestad,California,94048,7.942075,3.5953685
407,Vanessa Anderson,64,1631 David Mountains,Jasminemouth,Louisiana,71070,55.766113,8.556607
408,Billy Garcia,34,1962 Francis Union,Jacobfort,Louisiana,30824,95.800296,-56.811335
409,Amanda Mills,60,3290 Mcdowell Lodge Suite 838,East Anna,Michigan,91214,130.252923,16.5425145
410,Curtis Anthony,45,0527 Mendoza Well,Robertoberg,Kentucky,25493,121.872479,11.304418
411,Kristin Webb,35,80434 Walker Street Suite 226,Smithburgh,Massachusetts,01636,-143.726972,-67.8880005
412,Charles Harris,76,4126 Willis Well,Melissafurt,Louisiana,37828,151.903504,0.184639
413,William Smith,24,01381 Roberta Forge Suite 950,East Timothyland,Georgia,12338,-69.513651,-15.600822
414,Phillip Smith,46,5590 Stanley Brooks Apt. 992,South Hectorville,Wisconsin,06380,-56.638449,49.089013
415,Sean Long,61,420 Smith Circle,Port Jenniferhaven,Virginia,15851,-61.904881,28.459848
416,Jeff Singleton,54,271 Ian Groves,New Donna,New Jersey,22116,-94.669229,2.771808
417,Chad Cook,63,022 Medina Trace Suite 063,South Georgefurt,Mississippi,83598,55.425518,0.866375
418,John Rogers MD,65,32140 Evans Viaduct,Derrickland,Pennsylvania,48231,126.807009,35.627774
419,Alexander Lee,45,304 Matthews Trafficway Suite 011,Port Jaimeton,Ohio,89385,8.995308,-76.269587
420,Joshua Parker,69,17440 Johnathan Crossing,Mckinneystad,Missouri,83115,8.144943,77.0457075
421,Alejandra Perkins,36,94630 Moreno Point Suite 797,South Zachary,Tennessee,02042,135.081387,-5.7177975
422,Lisa Norton,25,7649 Lisa Court,Lake Douglas,New York,12542,41.351383,38.4636635
423,Andrew Monroe,19,65251 Case Fork,Brownport,Massachusetts,78789,178.320974,-72.8190845
424,Michael Cantrell,57,82174 Brittany Causeway Apt. 907,Markburgh,Tennessee,43185,68.632657,45.8560395
425,George Smith,43,93357 Carpenter Shore Apt. 657,Lake Michaelport,Colorado,91403,112.717364,66.980291
426,Anthony Morgan,41,4569 Mann Lakes,Navarrofurt,Texas,35526,-39.273670,53.616296
427,Ryan Fowler,36,54743 Shane Port,West Brentland,Maryland,72834,-85.213384,-66.289001
428,Dr. Thomas Wood Jr.,58,060 Jones Mission,Brianshire,Nevada,41822,137.020549,-55.6366815
429,Steven Middleton,59,92924 Matthew Turnpike,Wheelerport,New Hampshire,50095,16.415473,-18.3919935
430,George Kim,58,2382 Kristen Alley,Jamesshire,Virginia,98948,134.705288,-13.704608
431,Samantha Carpenter,43,85965 Randall Street Apt. 205,South Mariashire,Kansas,06371,92.374117,-63.3160325
432,Linda Harris,54,003 Ashley Shore,Port Stevenfurt,Arizona,45376,-94.092712,-65.1664335
433,Tammy Gill DDS,25,3925 Adams Land Suite 805,North Vincent,Utah,89840,-125.234931,78.279055
434,Sara Burke,48,2751 Carrie Parks Apt. 129,Jillianland,Texas,28129,100.654556,-50.8562515
435,Mary Barr,49,106 Warren Ridge Suite 552,West Brittney,West Virginia,72308,116.846451,33.9996995
436,Jerry Kemp,80,129 Stevens Burg,Lake Donna,Tennessee,68420,67.179325,76.3701285
437,Charles Kaiser,29,01101 Morton Road Apt. 292,West Jessicaside,Pennsylvania,56758,51.936708,-56.9370015
438,Lisa Paul,61,7697 Maxwell Mews Suite 820,Tuckerburgh,Montana,99364,-170.659697,-46.8331295
439,Daniel Sampson,54,76146 Teresa Inlet,West Deborah,Nebraska,04663,31.893004,26.590280
440,Sarah Rodriguez,30,792 Deanna Drive Suite 627,Lake Travis,Maryland,83456,-64.285707,77.8917955
441,Aaron Tapia,47,82180 Jennifer Fork,Lisatown,Alaska,38590,67.016719,12.2994955
442,Richard Lane,62,641 Mitchell Meadow,Brittanyberg,Nebraska,04557,-68.831148,-13.0523315
443,Lisa Williams,56,2002 Valerie Rest,Port Tanyaside,Florida,29660,-83.991160,22.2279645
444,Sarah Bernard,27,2992 Ali Knoll,New Jesse,Virginia,23885,-98.718770,40.4471105
445,Richard Kim,49,98817 Wagner Court Suite 999,North Debra,New York,57762,-57.989756,70.7308975
446,Teresa Robertson,22,7923 Allen Manor,Bushtown,New Jersey,88246,-110.114595,-29.941422
447,Donald Smith,47,6376 Kevin Forest Suite 704,West Triciaborough,Washington,68508,-147.277623,-49.6776425
448,Jonathon Young,18,944 Mark Route Apt. 976,North Bryanville,Minnesota,06648,42.084019,-44.772667
449,Katelyn Jimenez,43,662 Lauren Isle,New Robert,Idaho,96652,-143.459414,0.9143235
450,Justin Wood,38,944 Michelle Passage Suite 038,Muellermouth,Texas,49975,28.523545,-23.626979
451,Samantha Vargas,23,100 John Skyway Apt. 108,New Sarah,Arizona,89890,-3.977030,-47.751521
452,Melissa Cole,34,82315 David Plaza,East Gabriella,Illinois,76481,106.382283,63.292436
453,Patricia Anderson,73,8868 Evans Drive,Allenshire,Mississippi,19085,-60.228607,-47.022627
454,William Harmon,54,6455 Jonathan Track,South Jameschester,North Carolina,48587,-137.776956,-69.025397
455,Wendy Middleton,52,133 Rose Parkway Apt. 612,East Lisaburgh,Oklahoma,17186,163.906085,-58.711763
456,David Johnson,50,30430 Jose Station Suite 781,Lake Kennethton,Oklahoma,96525,-96.355053,69.273576
457,Nancy Buck,43,9596 Elizabeth Turnpike,Wilsonview,North Carolina,67060,-119.242124,-50.9686735
458,Lindsey Green,19,2122 Rebecca Forge,Keithport,California,85034,34.660676,79.4246885
459,Curtis Fletcher,74,3959 Jose Streets Suite 909,Lake Roberttown,Florida,32885,42.086492,-16.247550
460,David Young,46,8740 Cassandra Pine Suite 410,North Johnstad,Arizona,92085,103.369607,-7.221117
461,Roger Juarez,53,7060 William Mills Apt. 691,East Ricky,West Virginia,68224,-71.876094,44.7148315
462,Shannon Baker,71,271 Nash Ford Apt. 181,Nathanstad,Indiana,31961,-139.480790,-74.7031535
463,Charlene Lyons,55,9738 Mccarthy Vista Suite 419,Williamsmouth,Colorado,96089,-138.278680,39.061939
464,Scott Brown,38,50872 James Fords,North Charles,Delaware,34772,-61.272207,85.448333
465,Anthony Walker,35,9011 Jessica Ramp Suite 275,North Robertohaven,Maryland,71389,-108.823005,-73.1461155
466,Ian Woods,78,47640 Saunders Meadow Apt. 371,West Shellyfort,South Carolina,64992,65.651843,89.557028
467,Johnathan Farley,41,6499 Ramirez Manor Suite 956,Port Stephanie,Connecticut,01993,42.349293,27.8076955
468,Kelly Guerra,75,1528 Myers Stream,Alanhaven,New York,37161,47.043184,9.7299755
469,Dr. April Perry DDS,25,03097 Ricardo Ways,South Jessicaville,Hawaii,24900,-77.475725,65.8466375
470,Michelle Schroeder,31,180 Samantha Shore,Port Wyattmouth,Florida,32237,86.318666,7.246582
471,Stephanie Bennett,24,8020 Freeman Ports,Jensenchester,Alaska,56529,16.966872,44.492029
472,James Kerr,22,8106 Yoder Rapids,Lake Markmouth,Nevada,47635,-95.891636,-87.5457945
473,David Dyer,69,6951 Craig Grove,Serranobury,South Carolina,02549,-40.085507,-54.673862
474,Jeffrey Quinn,63,7193 Meghan Squares Apt. 603,New Chadbury,Georgia,12282,7.444749,-15.553054
475,Allison Morris,35,25004 Fritz Gateway,East Laurastad,Iowa,16199,18.007423,-74.2793675
476,Lisa Woods,44,8515 George Drives Apt. 701,Brownbury,Alabama,63289,-37.002445,-76.513441
477,Adam Crane,74,1581 Jessica Mews Apt. 694,North David,Tennessee,70979,-18.390105,-80.6251555
478,Vanessa Green,69,2801 Joshua Divide,South Cory,Arizona,21026,108.406528,72.420574
479,Thomas Vaughan,36,723 Gina Plains Suite 143,Lake Baileymouth,Arizona,08903,-94.552084,71.054026
480,Aaron Cantu II,48,73874 Tony Extension Suite 654,Lake Janet,Wyoming,30307,-103.080795,-30.5641915
481,Dakota Burns,23,64604 Michael Centers,Michelleborough,Arizona,55542,157.474396,36.131590
482,Arthur Weber,25,5343 Robinson Harbors Apt. 063,East Laceyshire,California,53460,-143.331974,20.5193595
483,Frederick Smith,25,65090 Young Club Suite 734,Rodriguezmouth,New York,86146,-97.578956,52.094744
484,James Stevens,41,8931 Bobby Ranch Apt. 141,Kimberlyburgh,Alabama,91848,-36.409702,-86.572576
485,Melissa Schwartz,47,62796 Cook Walk,New Ashleyshire,Hawaii,07993,-110.328079,47.1648485
486,Kelly Garcia,71,99310 Page Isle,New Mitchellstad,Arkansas,01488,155.042621,-43.480592
487,Lori Delgado,33,37781 Kayla Way Suite 346,Carrport,Colorado,71427,-159.802577,-51.4494395
488,Richard Nash,79,1158 Dudley Hollow Apt. 694,Patrickbury,Maryland,68856,-105.167310,5.2530515
489,James Hayes,35,7497 Roth Burgs Apt. 637,Hernandezmouth,Delaware,61346,-63.018743,12.9761835
490,Melvin Hammond,23,18901 Miller Grove Suite 775,Fletcherfurt,Wyoming,47878,110.590816,-51.6834115
491,Amy Li,45,7225 Natasha Prairie,New John,Mississippi,73764,-135.329812,-14.0895735
492,Brittany Nelson,60,23612 Donald Garden Apt. 886,New Anthonyfurt,Washington,58259,22.194637,38.8858565
493,Angelica Johnson,20,85266 Michelle Isle,Blankenshipstad,Massachusetts,17595,112.044132,2.4579325
494,Kristin Ward,60,230 Stacey Grove Suite 889,Martinezmouth,Indiana,67165,104.791979,-62.262255
495,Robert Burke,65,1724 Hurley Light,Riverahaven,South Dakota,15722,2.213630,-2.0694015
496,Lisa Lyons,26,675 Tiffany Lock Apt. 572,Katieport,Washington,94768,-57.866683,38.5680845
497,Angela Clements,43,347 Sharon Lane Apt. 367,Catherineview,West Virginia,77240,118.800687,-24.6782495
498,Cynthia Bernard,76,411 Williamson Island,Jocelynton,Kentucky,48317,-112.708240,89.197246
499,Michelle Bryant,22,146 Audrey Street,North Julie,Nevada,58050,-54.735842,-84.9888605
500,Timothy Wyatt,71,2256 Sonya Glen Apt. 608,Evansfurt,Kentucky,74338,108.423414,36.901760
501,Anthony Hahn,74,33047 Michael Parkway Suite 778,North Tracey,Georgia,47814,-6.361784,-46.3947855
502,Rachael Jones,65,427 Sawyer Fall Suite 391,Haneyside,Hawaii,22465,120.579660,5.382956
503,Christian Kline,62,0095 Francis Drives,Burtonside,Georgia,71691,-125.097381,8.2550745
504,Michael Perez,71,4508 Christopher Ramp,South Morgan,Kentucky,33005,-17.332971,7.5014085
505,Kenneth Smith,52,7457 Booth Pass,East Johnathan,North Dakota,10829,100.882128,-36.7709725
506,Cindy Woods,35,67924 Harris Springs,Greenport,Hawaii,70086,-50.932971,-47.053267
507,Mr. Raymond Yang,33,655 Christopher Via Suite 100,Lake Robertshire,Delaware,56842,95.571439,11.9365795
508,Corey Garcia,55,699 Banks Haven,Sandersshire,Delaware,68294,122.665264,69.503875
509,Jacob Bryant,74,4576 Deanna Meadow,Sabrinaburgh,Wisconsin,53960,-113.518430,36.7473875
510,John Davis,57,732 Gonzales Village,South Abigail,Alabama,58869,157.892304,75.888841
511,John Gomez,48,424 Ellison Run Suite 390,Port Julieside,Louisiana,25407,57.340960,5.4584585
512,Taylor Wilson,62,678 Gary Point,New Logan,Idaho,27297,0.676131,-30.9546115
513,Savannah Salinas,80,268 Gregory Knolls,South Jennifer,New Hampshire,65864,89.236633,63.575908
514,Sierra Bolton,76,43238 Christopher Mountain,Walterhaven,Utah,22556,110.867825,10.663696
515,Tiffany Castro,27,072 Ashley Mountain Apt. 989,Kimberlyhaven,Louisiana,22942,147.073093,-32.817506
516,Terry Perkins,34,6116 King Junction,Hamiltonside,West Virginia,61233,84.958994,30.2295685
517,Stephanie Young,78,04211 Julie Burg Suite 025,North Robert,Oklahoma,64376,171.352120,-66.7988725
518,Joe Peterson,71,982 Tracy Viaduct Suite 492,Davidville,Oregon,23922,-61.246372,-40.863573
519,Jennifer Ramirez,78,7610 Fox Throughway Suite 949,North Waynetown,Delaware,44606,9.402329,89.437344
520,Bradley David,31,66319 David Haven,Marybury,Kansas,34966,-77.995354,-25.214269
521,Sarah Lopez,33,23061 Matthew Ridge,Bryanborough,Michigan,74987,50.047023,-36.108300
522,Veronica King,57,141 Jennifer Ramp Suite 567,Michaelland,North Carolina,73797,-114.730194,73.293495
523,Leslie Harris,70,8824 Jason Mews Suite 589,South Chelseashire,Rhode Island,83535,-161.941692,-21.592150
524,William Davis,43,68944 Kelly Glens,Lovefurt,California,67408,-153.326291,71.9696285
525,Alexander Armstrong,33,305 Sherri Drive Apt. 365,East Ashley,Minnesota,06613,98.728695,22.890927
526,Carrie Jones,20,7124 Robbins Heights,New Lindsey,Tennessee,73502,-72.756577,26.103161
527,Richard Fletcher,63,94991 Andrew Rue Suite 673,North Timothyberg,South Carolina,28239,-106.244431,-28.8334055
528,Martin Smith,18,8351 Garza Trace Apt. 895,South Melaniehaven,Nebraska,81970,-5.153619,-82.029055
529,Darren Cooper,58,17082 Rodriguez Heights,Thomasmouth,Arkansas,56341,-8.442510,-72.0815055
530,Austin Clark,76,568 Sandra Radial Suite 053,Phillipsview,Nebraska,54761,-38.434407,-7.2002705
531,Aaron Sharp,63,7757 Ashlee Grove,Taylorfurt,Florida,08378,-46.345096,29.509280
532,Eric Douglas PhD,19,31895 Glass Green Apt. 768,Michellefort,Montana,91274,26.410393,35.6286935
533,Kathryn Hudson,59,0798 Camacho Cliffs,West Amy,Georgia,40781,-128.473933,66.3645305
534,Matthew Johnson,47,2873 Saunders Drives,West Paula,Indiana,78519,-147.024214,57.1383215
535,Todd Reid,43,89923 Graves Estate Suite 610,Alyssaview,Kentucky,65174,172.605583,41.339337
536,Wayne Garcia,27,043 Smith Knoll,South Katherine,Montana,43468,34.647910,61.9749545
537,Tyler Yang,70,65669 Garcia Branch,East Jenniferberg,Iowa,80890,101.018120,36.2922085
538,Carmen Galvan,24,349 Morgan Plaza,South Darlene,Wisconsin,25835,143.760691,29.5205665
539,Alicia Taylor,60,3281 Nancy Mount,East Stephen,Massachusetts,18279,-15.808162,32.2704365
540,Craig Bishop,18,33919 Jamie Walks Apt. 278,North Matthewberg,Delaware,36935,-112.769585,80.141708
541,David Johnson,21,8207 Frank Parkways Suite 004,Laurenside,New Hampshire,69987,89.303479,-7.5527445
542,Jeffrey Lloyd,71,802 Graham Mountains Apt. 094,Lake Kimville,Oklahoma,86478,154.801473,-85.541172
543,Joshua Woods,59,3522 Campbell Springs,Guerreroview,Georgia,12515,-143.875604,56.7849325
544,Jason Mclaughlin,52,01437 Henderson Forest Suite 496,New Joseph,Vermont,10774,-71.608988,60.722725
545,Michael Phillips,18,865 Best Flats,Port Coreyborough,Oklahoma,28444,-55.014106,34.414612
546,Julie Johnson,51,0266 Dennis Common,Singletonstad,Idaho,26521,-64.071302,-15.237709
547,Joseph Schultz,67,459 Wood Rapid Suite 617,Michelleside,North Carolina,07052,-165.907135,-61.669037
548,Catherine Ortega,74,46715 Marshall Center Apt. 432,Port Reginaldmouth,Oklahoma,85863,108.518895,6.146536
549,Spencer Bell,26,373 Christine Hollow Apt. 412,Elizabethborough,Ohio,61179,3.446591,-84.249996
550,Andrew Greene,56,217 Molly Forge,Lake Tammy,Oregon,97912,-104.421229,-15.6623025
551,Shawn Anderson,61,682 Emily Crossing Apt. 503,East Michaela,Missouri,86432,-114.416469,-58.703064
552,Angela Wagner,38,49013 Calvin Walks Suite 586,South Karen,Connecticut,75337,-114.439535,-8.308719
553,Steven Li,64,99989 Castillo Ridges,South Laurie,Wisconsin,71846,42.695954,-57.9913415
554,Michael Odom,37,483 Espinoza Ferry,Natalieton,New Mexico,56248,-27.118412,1.0955105
555,Madison Harrison,45,658 Bobby Mills Suite 475,Christopherbury,Texas,40332,-155.973933,-13.949332
556,Amanda Zhang DDS,52,9773 John Dale Apt. 705,South Elizabeth,Oklahoma,55088,102.431184,-20.1024635
557,Zoe Hudson,75,00783 Ernest Stravenue,Aliciafort,Michigan,50902,30.407107,49.803962
558,Meghan Burke,61,991 Long Glens,Jamesstad,Wyoming,80755,-127.305966,18.086072
559,Brian Stevenson,72,43636 Ward Lakes,Harrisport,Oregon,11584,-7.521280,42.2511025
560,Jennifer Henry,29,6178 Cooper Shore,Sharpchester,North Carolina,70022,-132.565729,-70.891456
561,Emily Jackson,62,5034 Ronald Spring,North Cherylberg,New Hampshire,31331,-97.756081,86.483168
562,Shane Dean,72,63487 Zachary Pine,Lake Lynntown,Utah,46667,88.032911,-71.5636065
563,Melinda Hubbard,37,693 Church Track Apt. 565,Wallacemouth,West Virginia,81232,142.450161,85.7738375
564,Daniel Cunningham,80,33362 Jennifer Mountain Apt. 703,South Emily,New Hampshire,79996,171.837467,89.1279805
565,Anthony Barnes,68,8224 Barnett Falls,Erikaville,Hawaii,39457,-98.209031,-82.680862
566,Paul Rocha,74,227 Kevin Well,Port Theresatown,Alaska,82235,81.702087,-24.615517
567,Rodney Smith,65,66582 Michael Flat Apt. 652,Leebury,Texas,39258,-50.346966,48.934027
568,John Coleman,26,76622 Cristina Gardens,East Karenshire,Alaska,41383,111.754814,11.6763495
569,Aaron Garza,34,81749 Garcia Squares Suite 010,Jamesshire,Illinois,21612,-37.185022,45.102031
570,Jennifer Price,46,638 Lisa Streets,Port Mark,Connecticut,27405,-171.221726,-47.9054705
571,Tiffany Pierce,51,5990 Tran Crest Apt. 340,Aprilfort,Nebraska,90316,-177.293923,-46.452265
572,Angela Chavez,26,0532 Laurie Park,Port Donnaberg,Wyoming,30677,149.465532,23.6109815
573,Mariah Phillips,30,82365 Joshua Pass Suite 551,New Eileen,Pennsylvania,12267,139.815395,36.1292525
574,Meghan Santana,70,159 Ross Cape Apt. 797,Port Danielleport,Wisconsin,94798,-161.454848,79.153389
575,Maria Holmes,56,0427 Norris Camp,West Emilymouth,Iowa,95189,151.536530,35.9255145
576,John Johnson,52,7303 Kelly Islands Suite 538,Ramosborough,Idaho,01701,178.069196,-27.9824245
577,Marc Delgado,19,41615 Abigail Via,Lake Kenneth,Missouri,79722,-4.927229,69.166942
578,Keith Alvarez,53,324 Mann Landing,Hernandezburgh,New York,72679,161.712300,19.217542
579,Robert Guerrero,71,3095 Bradley Via,New Amberview,Maryland,19453,94.267317,-44.7782445
580,Charles Smith,80,53855 Warren Ranch,South Jenniferport,Alaska,63846,-51.555932,-9.4150705
581,Keith Yoder,73,542 Ellis Rapid,Kyleberg,Oklahoma,91174,-60.920612,15.6962675
582,Bianca Bowman,42,11796 Carr Shoals,Vasquezfort,Maine,74754,-25.630603,-58.7225555
583,Yolanda Schaefer,28,17485 Cameron Via,North Brittney,Rhode Island,91269,112.422799,-0.0777345
584,Hailey Miller,46,5869 Cindy Streets,Harrellville,Virginia,36794,-34.660648,27.898551
585,Laura Wolf,36,46321 Mark Bridge,Port Stephen,Washington,03824,27.177472,52.7061795
586,Meagan Dorsey,66,248 Henderson Unions Suite 676,Jerrystad,Georgia,06063,-115.544976,84.5010265
587,Kevin Martin,52,2372 Nelson Vista Apt. 890,Kinghaven,Illinois,59360,88.504838,68.466010
588,Stephanie Hunt,66,189 Robert Divide,Mossbury,Mississippi,32705,-49.692512,48.7673375
589,Francisco Bates,78,93149 Hahn Springs Suite 644,South George,South Carolina,44136,-61.948492,55.3747765
590,Timothy Harrington,43,32012 Williams Wall,Burgessfurt,Indiana,95285,-1.804244,79.763584
591,Sandra Bishop,26,0294 Christian Falls,Port Brad,Utah,08975,24.651059,67.704111
592,Brenda Davis,62,471 Garcia Field,North Misty,North Carolina,88866,135.502771,-3.402050
593,Regina Williams,67,38282 Joseph Islands,West Robertton,Georgia,61393,153.933698,15.2973835
594,James Lucas,33,722 Savage Shoal,South Marcusberg,Wisconsin,46718,146.924184,-5.102061
595,Jose Paul,52,6559 Osborn Pike,New Larry,New Mexico,24464,101.962746,-19.7020795
596,Mr. Jason Henderson Jr.,42,157 Sean Route Suite 059,Amberland,Oklahoma,73006,35.322770,-31.888125
597,Deanna Bennett,55,44198 Colon Lane Apt. 701,East Christinafurt,Kentucky,68995,163.114782,-28.4736755
598,Daniel Johnson,78,310 Diaz Lights,Lake Mary,Tennessee,58363,104.989796,3.5858205
599,Joseph Williams,40,508 John Street Suite 273,Karenside,Pennsylvania,77926,113.988508,-35.5823505
600,Joseph Norman,18,75286 Chad Springs Suite 614,Charlesville,Vermont,68765,64.306380,-53.7928995
601,Mark Baker,34,8359 Carolyn Hollow Suite 415,Caldwellstad,South Dakota,12874,-112.170620,-53.3937335
602,Joseph Morales,50,2165 Alvarez Crescent,Bowmanfort,Wyoming,12915,-112.735024,10.532719
603,Sarah Zimmerman,49,32429 Cooper Valley,Clarkton,Michigan,37936,92.669444,-70.675847
604,Caleb Lee,61,546 Alexander Knolls Apt. 937,New Kellytown,North Dakota,02851,-126.006393,65.7055615
605,Brett Johnson,44,644 Jonathan Pines,Port Martin,Pennsylvania,54417,137.334278,78.312984
606,Kathy Moore,33,94556 Lauren Canyon Suite 980,East Daniel,Virginia,17839,-176.460270,-0.8008665
607,Jason White,69,37980 Kenneth Motorway,South Daisy,North Dakota,74052,-179.255729,-37.209640
608,Amy Gonzalez,65,218 Romero Spurs,Mckayville,North Dakota,44959,11.777725,-57.201666
609,Kayla Jacobs,55,671 Meghan Rest,Lake Arthur,Louisiana,53479,-144.262837,-77.8767465
610,Bryan Powell,45,7504 Roberts Via,Watsonfurt,South Carolina,55338,35.916066,0.2043125
611,Robin Ferguson,18,4409 Laura Ferry,East Adammouth,Alabama,04560,-81.512650,31.6784925
612,Shane Silva,77,05992 Maria Villages Suite 545,New Davidland,Kansas,94650,69.745048,-6.1260425
613,Crystal Kim,52,26073 Fox Estate Suite 943,Smithton,Utah,40740,-171.037488,44.8677695
614,Matthew Andersen,51,64509 Emily Rue,Brianmouth,Alaska,58187,151.707202,22.886664
615,Derek Joseph,26,54493 Rachel Ferry,Stephaniehaven,New York,22492,-36.714577,-89.932596
616,Claudia Richardson,45,6100 Hughes Island Apt. 246,Caseyport,Oklahoma,47802,148.153839,54.1629315
617,James Hall,30,5942 Kevin Squares Suite 606,North David,New York,86813,-95.532119,-12.6003645
618,Christopher Reed,58,5955 Velez Key Suite 907,Davisside,Indiana,40815,131.920497,36.001249
619,Andrea Hogan,20,8686 Joshua Throughway,Mullenstad,Colorado,80496,-85.091119,5.012218
620,Rebecca Kaufman,69,53250 Paige Port,Bradymouth,Minnesota,22076,-38.255822,-1.6286405
621,Dr. John Ball Jr.,57,1535 Ramsey Highway Apt. 586,Sarahton,Delaware,84670,-131.777669,-36.180919
622,Kimberly Chan,18,23184 John Mews,Joshuafurt,Connecticut,22052,121.371755,27.170332
623,Mia Jimenez,74,42101 Heidi Islands Suite 561,Kennethside,Wisconsin,92493,-6.548408,79.984673
624,Russell Fuller,37,318 Denise Track,Lake Justin,Georgia,26838,172.315395,44.626026
625,Ryan Lopez,31,41183 Turner Hollow Apt. 461,New Stephaniestad,Mississippi,36315,1.262607,59.1523385
626,Vincent Campbell,58,2199 Angela Points Apt. 422,South Chris,Alaska,03835,37.496574,73.467383
627,Jessica White,70,9584 Hernandez Locks,East Shellyborough,Louisiana,58818,-159.743956,-65.3975405
628,Brian West,73,742 David Brooks Suite 577,North Kimberlyport,Georgia,81650,-162.824495,-88.313893
629,George Marquez,72,8697 Jennifer Turnpike Suite 450,Alextown,South Carolina,15547,78.441714,-62.826196
630,Carmen Douglas,20,26705 Fitzgerald Coves,Mccallmouth,Utah,73763,-142.784700,68.5114155
631,Margaret Wagner,56,0125 Powers Gateway Apt. 293,New Tonya,Michigan,72550,-170.834056,49.695311
632,John Carter,36,899 William Track Apt. 291,North Nancy,Nebraska,93938,-47.235673,-60.4735975
633,Cynthia King,70,708 Nicholas Parkway,Bellfort,Alaska,24172,-54.512562,-23.0211275
634,Jared Stone,68,522 York Rest,North Laura,Florida,98953,110.693140,-16.583669
635,Cathy Roberts,40,64032 Sarah Stream,New Joanmouth,South Dakota,80625,-24.368334,79.3760255
636,Steven Barr,55,09086 Michael Crossroad Apt. 997,Shortfurt,Nevada,27924,-61.710121,-32.707644
637,Susan Gray,75,694 Nicholas Prairie Apt. 155,Waltonstad,Virginia,45384,-163.337510,24.3613435
638,Jennifer Mendoza,56,845 Armstrong Causeway,Lake Tommy,Oregon,00901,72.050249,-7.8872615
639,Dawn Christensen,25,43429 Allen Stravenue Suite 898,Jacksonfurt,Delaware,73229,58.214077,33.523292
640,Stacey Kerr,51,46468 Jeffrey Falls,South Tiffany,Washington,04174,111.039426,-73.507161
641,Michael Vaughn,51,7158 Hanson Ports Suite 347,Donnamouth,Rhode Island,17894,-109.429381,-5.1305585
642,Anthony Butler,79,5524 Johnston Squares Apt. 756,Danielleside,Maine,25509,31.401900,-81.736371
643,Jonathan Klein,48,1317 Patrick Ports Apt. 287,North Michelle,Wisconsin,85217,170.155231,39.048976
644,Chris Anderson,36,986 Kevin Key,Port Matthew,Maryland,52103,-71.751804,-47.727618
645,Stephen Huerta,42,7594 House Glen,Lake William,Nebraska,73526,64.416637,38.9465055
646,Michael Reynolds,26,64271 Danielle Oval Apt. 606,Justinmouth,North Dakota,78846,-18.809527,42.3441905
647,Evan Long,26,197 Jacob Extension,Thomasville,Utah,75021,161.968620,-59.818714
648,Joshua Coffey,57,09667 Wall Ridge Suite 903,Caldwellside,Kentucky,95396,-30.858932,78.0934215
649,Sara Lewis,56,0323 Harris Glens,Roweview,Arkansas,98725,29.113924,-61.6311375
650,Andrew Knight,47,9273 Michelle Lodge Suite 423,Lake Dennisfort,Louisiana,60814,-139.688808,38.855189
651,Stephanie Mcneil,43,783 Jeffery Ways,North Allisonmouth,Pennsylvania,51742,124.926028,-19.003911
652,Daniel Paul,78,4602 Burnett Harbor,New Robinland,Minnesota,12052,164.543322,61.098572
653,Douglas Lang,74,18563 Huber Lights,Powersborough,Tennessee,85553,37.815035,13.640236
654,Donald Edwards,58,7865 Lewis Motorway,Port Dorothy,Washington,60569,84.611756,54.039859
655,Carrie Houston,76,6196 Little Village,Harrisborough,Utah,44445,-169.288776,71.383540
656,Todd Mclaughlin,24,4008 Donald Ports Apt. 103,Port Paul,Arizona,36403,56.804559,22.507233
657,Drew Browning,57,895 Patricia Mission,Tylershire,Montana,56485,-150.282480,42.609137
658,Donna Jones,53,1318 Price Park,East Scottberg,New Jersey,95752,92.252532,-58.218834
659,Courtney Lucero,61,3793 Jacob Brook,Blackburnfort,Massachusetts,60843,156.372282,-81.149610
660,Jaime Carey,19,479 Morgan Common Suite 311,Port Teresafort,Washington,18845,160.738037,-23.4434895
661,Stephanie Todd,68,50958 Davis Street,Christopherborough,California,34708,-2.768643,19.8568945
662,Zachary Chavez,42,8418 Kimberly Mountains,Caldwellfort,Nevada,06501,-43.200673,52.1002305
663,Jonathan Burke,55,500 Foster Roads Suite 820,Coryfort,Michigan,73506,-122.541899,87.5109735
664,Wendy Jackson,78,6387 Deborah Haven Apt. 632,Bowenfurt,Missouri,57612,-44.000575,-86.9988595
665,Matthew Heath,53,930 Stephens Terrace,Lindaville,Maryland,63643,134.864844,61.373038
666,Jennifer Fowler,57,781 Elizabeth Knoll Apt. 911,West Cherylville,Florida,04951,115.678549,-44.3304555
667,Michael Drake,70,52592 Anthony Fords Suite 613,Lake Jacobborough,South Dakota,56334,112.994088,-15.854258
668,Jose Green,69,7162 Andrea Causeway Suite 855,South Brett,Ohio,90329,-167.278902,-63.9835055
669,Bradley Baker,49,5415 Sharon Pass Suite 994,East Katherine,Arkansas,15332,79.870587,-75.087321
670,Jill Brown,23,15918 Lloyd Junctions Suite 701,North Daisy,Utah,83526,93.354255,-59.5839235
671,Lindsay Juarez DVM,65,376 Chris Harbor Suite 535,Kellyport,Georgia,17664,-128.302616,-54.6245795
672,Monica Simmons,42,0819 Gibson Burgs,South John,Vermont,23853,-151.756464,84.427786
673,Samuel Wiggins,79,280 Andre Cove Suite 191,South Thomasborough,Virginia,56350,-50.275245,-23.2827935
674,Emily Goodwin,26,30137 Jill Track Apt. 742,Tinahaven,Iowa,26213,125.150110,22.123173
675,Andrew Williams,22,31109 Brian Cliff Suite 492,Port Eric,Delaware,89690,-169.437191,-71.4856775
676,Victoria Gould,20,4381 David Track Apt. 880,Timothyview,Louisiana,73213,-79.136693,-62.6244265
677,Morgan Freeman,62,1935 Stevenson Alley Apt. 197,Jeremiahfort,Oklahoma,26539,-54.997946,88.7072275
678,Monica Taylor,44,5755 Harris Lake,New Shelly,Maine,50232,-73.782523,45.1096225
679,Annette Kim,47,006 Lindsay Ridge Apt. 493,Johnsonchester,Louisiana,18687,-66.400399,-61.2125595
680,Heather Johnson,66,31129 Tracy Vista,Dawsonberg,Colorado,40693,154.250715,-84.9204655
681,Diana Bates,67,3402 Daniel Rue,Jenniferport,North Carolina,31319,86.276237,33.9701475
682,Stephen Hansen,23,410 Jones Club Suite 439,Coxfort,Nevada,82633,108.944685,22.761517
683,Hailey Delacruz,29,3573 Andrew Parkways,Simmonsfort,West Virginia,76268,168.979755,-89.6643635
684,Juan Johnson,41,14634 Robert Run Suite 115,Brendaton,New York,08120,82.959731,-33.4616615
685,Michelle Wilson,30,91062 Moss Roads,Spencerside,Iowa,55071,177.186614,46.024675
686,Matthew Martin,68,74749 Wade Valleys,Lake Shane,Maryland,26554,29.624765,-3.6676405
687,Nicole Wolfe,29,96362 William Station,Wadetown,South Dakota,82625,-178.550364,56.785818
688,Greg Perkins,21,054 Mckenzie Field,Rebeccaburgh,Colorado,26805,-131.841643,5.816133
689,Rodney Villegas,41,1827 Church Expressway Suite 010,Jermaineshire,Nevada,93077,-33.234955,-53.468613
690,Jenny Morgan,33,349 Darin Meadows,Wayneshire,Florida,96185,-95.574823,-46.9796025
691,Ian Smith,37,09808 Stokes Trafficway Suite 781,East Jonathanton,Kansas,58400,128.807745,13.745755
692,Ann Benson,26,1225 Villanueva Points Suite 692,Russellburgh,Kentucky,15213,-60.264688,-89.8946175
693,Teresa Montgomery PhD,29,2745 Mark Place,North Parkerview,Michigan,78662,94.250732,-10.3007415
694,Jared Phillips,80,6573 Sanford Hills Suite 107,Stephanieshire,Maryland,47132,1.521678,-60.260784
695,Lori Long,27,1604 Jose Extensions,East Jeffrey,Iowa,53411,140.080071,3.928260
696,John Cross,69,553 Smith Ferry Apt. 171,Lake Erinberg,Wyoming,05102,150.134825,36.108345
697,Bernard Callahan,21,710 Donald Meadow Suite 694,Allentown,Georgia,76366,171.097687,-88.334454
698,Daniel Griffin,58,825 Burgess Curve Apt. 831,Port Davidburgh,South Carolina,44920,-18.248889,72.938021
699,Kimberly Hicks,72,42461 Rivera Summit Apt. 475,Hernandezton,Rhode Island,36734,-113.879043,60.2807245
700,Oscar Choi,55,79302 Christopher Lakes,Harrellstad,Oregon,24893,1.326676,-42.136768
701,Candace Figueroa DVM,65,6993 Jones Crest Apt. 992,New Laurenton,Louisiana,10113,-82.966759,-17.7235025
702,Barbara Baker,25,3024 Sandra Spring Apt. 027,Port Keith,Louisiana,44010,163.002785,37.5641955
703,Charles Bates,27,4491 Thompson Walks Apt. 194,Sandraburgh,California,27660,-49.439773,78.420015
704,Katrina Short,51,0961 Alexandria Islands Suite 201,Lawrenceland,Idaho,34830,27.560434,23.109468
705,April Ramirez,29,04647 Greene Flats Suite 748,Veronicaside,Rhode Island,46881,-62.882368,-25.0368035
706,Christine Ortiz,65,646 Christopher Park Apt. 220,Seanhaven,Pennsylvania,51389,114.849794,2.488113
707,Ashley Newton,62,924 Bass Rapids,Gregoryside,Vermont,05788,29.857585,36.638844
708,Denise Holland,63,70151 Brandon Overpass Suite 937,Kennethmouth,Michigan,51413,121.225829,-26.9750835
709,Angela Robbins,40,88735 Angela Estates Apt. 160,Port Jessica,Michigan,08999,140.055257,-26.6197335
710,Tyler Lee,51,24268 Cruz Falls Suite 174,West Kennethside,Connecticut,69456,-47.764559,67.934284
711,Matthew Rodriguez,61,5476 Kent Drive,New Patrickport,Utah,85383,164.552630,-82.8480775
712,Thomas Bennett,69,6077 Eric Roads,Elliottport,Wisconsin,04099,37.571776,56.1452125
713,Ryan Juarez,73,40343 Lauren Pines Apt. 947,West Jennifershire,Virginia,96456,-155.897431,26.2463605
714,Michele Larson,50,06698 Jimenez Glens Suite 263,Juanburgh,New Hampshire,92223,-70.827451,-59.175308
715,Tracy Allen,47,2014 Ashley Key Apt. 947,North Christown,Mississippi,55845,-16.995843,85.475843
716,Matthew Pitts,71,3031 Young Bridge,Lake Theodore,Illinois,96807,-38.583972,56.042454
717,Brian Mercer,76,4992 Fox Passage,Hughesstad,Louisiana,16934,137.993349,-23.635007
718,Luis Sutton,47,69652 Philip Streets,Justinmouth,Georgia,29880,-1.897251,22.000313
719,Andrew Brooks,58,18527 Joseph Path,New Kristine,Michigan,43650,24.635241,38.525987
720,Alexis Lewis,76,215 Blackburn Estates Apt. 319,Anthonytown,Wisconsin,50458,71.771780,-52.9815575
721,Christopher Rivera,29,555 James Summit Apt. 324,East Donberg,Michigan,28208,-58.682495,-45.2571655
722,Jack Santos,21,25010 Barrera Cliff,Chadbury,Maryland,84725,-87.755757,-17.3345465
723,Matthew Lee,20,405 Christina Gardens Apt. 946,New Donaldport,Pennsylvania,33715,-61.460802,-38.559033
724,Jared Moore,31,0014 Burnett Crossing Apt. 377,Port Ronnieshire,Georgia,43218,-114.557247,-12.165057
725,Melinda Diaz,61,946 Davis Extensions,Lake Justin,Nevada,90887,151.603798,-31.462275
726,Melissa Rosales,40,7451 Heather Mount Apt. 235,Michellefort,Maine,89467,167.440847,-87.9076515
727,Charles Wu,44,2933 Black Ridges,Peterfort,Washington,23292,-154.293592,23.217933
728,Karen Thompson,44,509 Watson Squares Suite 471,Lawrencefort,Maryland,14510,-48.704962,-40.5888995
729,John Carter,41,936 Heather Pine Suite 709,West Joseph,Hawaii,21044,-78.569787,-34.3697065
730,Kathleen Yoder,44,828 Black Isle Suite 325,Davisport,Oregon,74135,22.211449,85.234674
731,Carla Woods,54,38970 Gutierrez Ville,Aprilland,West Virginia,22841,24.485326,-10.4143025
732,Justin Perry,52,4403 Mark Branch,Port Edwardton,Tennessee,00985,84.155729,51.1205205
733,Heather Green,48,0377 Joseph Mission Suite 605,South Hunterberg,Oklahoma,34834,39.815512,-3.7791235
734,Kelly Harris,74,132 Hughes Fords,East Robert,Colorado,58937,-126.057446,73.8359725
735,Kevin Watson,68,70039 Wright Village Suite 195,Schultzville,Oregon,33452,-85.367738,-39.3886315
736,Hannah Dodson,53,55999 Stephanie Branch Apt. 788,Robertland,Texas,44661,-169.636138,-18.700540
737,Timothy Wilkins,28,52992 Murphy Ville Suite 682,North Daniel,Rhode Island,24628,21.109665,-0.241020
738,Tammy Oneill,45,6587 Gregory Bypass,Peterhaven,New York,77922,-74.156125,-51.906974
739,Michael Smith,27,41281 Ramos Falls Suite 070,New Marie,North Carolina,62563,-132.076390,-22.297272
740,Robin Smith,19,8526 Miller Mount,Robertton,Louisiana,72018,-0.235170,54.4165285
741,Meagan Rodriguez,40,911 Paul Dale Suite 508,East Grant,Pennsylvania,50495,174.406070,-53.909730
742,Tim Martin,20,0467 John Knolls,New Andrewchester,Ohio,20286,-6.767721,47.2936355
743,Connie Sanchez,69,0553 Reyes Passage,Rodriguezport,Wyoming,76854,-106.191875,17.404099
744,Amy Calderon,44,1091 Ronald Flats,Port Tracy,Idaho,94892,42.216100,29.160252
745,Dr. David Hamilton PhD,63,70997 Odom Ports,Smithfurt,South Dakota,23113,168.243642,68.4406895
746,Brandon Jones,70,73131 Spears Ports,Wagnerchester,Oregon,04204,-77.502942,-43.3025805
747,Ryan Campbell,20,9630 Cheryl Ridges,North Corychester,New Hampshire,45034,-91.307995,35.6489365
748,Clayton Kline,75,558 Lisa Fields,Lake Debra,Iowa,48462,20.381108,-28.207352
749,Nicole Henderson,32,087 James Pass,Stanleytown,Wisconsin,40358,58.107568,55.281721
750,Daniel Schultz,31,720 Nicole Isle,Bryantown,Massachusetts,95404,-61.855564,-64.646154
751,Karen Phillips,79,3673 Rose Fort,Boydstad,New Jersey,01748,69.857700,-65.241653
752,Matthew Guzman,80,91665 Williams Garden,East Davidburgh,Virginia,07733,156.859150,4.1776975
753,Nicole Green,41,747 Hannah Station,West Ian,South Dakota,45719,-168.453758,-73.953088
754,Kristopher Romero,77,434 Jose Bypass,Mcleanfurt,Rhode Island,70760,136.095375,-87.969706
755,Katrina Wright,69,798 Steven Inlet,Garnertown,Delaware,70506,-54.167583,7.5262685
756,Brian Hughes,42,8665 Mooney Loop Apt. 693,Port Karen,Connecticut,44014,85.784604,51.2100145
757,Angela Smith,58,294 Coleman Ramp,Williamsland,Illinois,45541,-97.730093,89.804744
758,Amy Pittman,22,1725 Byrd Brooks,South Jaclynchester,Virginia,09968,-95.277867,68.408191
759,Christopher Sanchez,24,345 Moore Summit,Johnview,Maryland,85811,-123.202720,-69.549082
760,Joseph Cole,20,573 Kathleen Turnpike Suite 058,Sandrahaven,Colorado,19269,129.421333,-66.313396
761,James Williams,28,761 Adrienne Trail,Thompsonfort,New York,76407,79.406360,-34.812926
762,Wendy Lee,28,9549 Simpson Trace,New Danieltown,Maryland,93276,159.074235,6.1454145
763,David Aguilar,33,703 Rhodes Flats,Kevintown,Colorado,89847,62.701939,22.783671
764,Lauren Walsh,22,950 Jessica Brook,West Sylviaberg,Vermont,06071,49.649449,-34.193443
765,Walter Nash,65,63451 Lewis Lakes,Campbellfurt,Massachusetts,79585,175.965449,23.7292955
766,Joel Brennan,59,88561 Ann Mall Apt. 055,Ravenview,Michigan,81437,-102.423623,-76.455163
767,David Leach,39,14090 David Inlet Suite 356,Lopezberg,Montana,65341,-50.040221,77.5298465
768,Charles Jensen,38,8733 Zachary Curve Apt. 640,South Ashley,Alaska,42974,91.526814,-22.430122
769,Michael Gonzalez,53,48782 Lawrence Pass,South James,Massachusetts,86382,145.855441,-2.7227405
770,John Case,35,84998 Warren Valleys Apt. 743,Port Charles,Arizona,33060,-162.219343,42.318609
771,Jessica Taylor,64,651 Evans Valleys Apt. 959,West Carolmouth,Oklahoma,95927,52.199418,-27.3873205
772,Mr. Christopher Webster Jr.,58,2181 West Harbor,Zacharyberg,California,86521,161.906777,59.312600
773,Tiffany Rogers,76,1463 Christine Meadow,South Phillip,Kentucky,41836,53.142242,10.1318535
774,Elizabeth Mejia,45,6875 Jennifer Valley Suite 619,Laurafurt,Montana,97131,53.860324,-24.8419445
775,Brandy Ramirez,48,68484 Charles Land,Monicachester,Kansas,82659,-142.821415,10.772240
776,Stephanie Fuller,30,094 Ashley Parkways Suite 941,Port Kelly,California,06327,-69.461786,39.4695015
777,Paul Chandler,43,7353 Miranda Glens,Lake Lauren,Arizona,73651,-99.018863,-16.826875
778,Jerry Pugh,69,7082 Stephanie Highway Suite 426,Port Samanthaborough,Connecticut,36527,44.458151,-88.1318505
779,Tammy Garcia,49,1874 Christopher Isle Suite 280,Gregoryville,Oregon,47687,130.537709,82.483039
780,Daniel Hicks,51,95154 Nicholas Knoll Apt. 287,North Eric,Arkansas,48294,63.886773,2.5388545
781,Robert Green,65,981 Barrera Spring Suite 936,South Mitchell,Utah,42736,102.789497,-44.2190565
782,Charles Wilkins,20,6329 Craig Ways Apt. 433,West Brian,Oklahoma,56228,51.601517,47.940932
783,Sarah Smith,39,819 Jake Shoal,Medinaberg,Oregon,61612,-66.308391,-70.0566255
784,Tyler Ortiz,56,79450 Gordon River,East Mark,Illinois,12796,-118.532486,-39.531704
785,Jose Walsh,20,1608 Christopher Bypass Suite 433,East Sean,Arizona,73660,13.920582,67.2730085
786,Paul Anderson,51,709 Angela Divide,South Diane,Ohio,45402,-95.245664,-39.621315
787,Corey Weber,59,66971 Smith Track Suite 470,New Stevenhaven,Florida,13802,46.645836,-76.203666
788,Denise Cantu,73,1412 Price Vista,Caseyborough,West Virginia,28638,-80.424410,26.5233365
789,Elizabeth Jones,33,86189 Salazar Parkway,Kruegerchester,Mississippi,90480,-81.007003,-42.0197425
790,Ashley Adams,24,777 Watson Unions,West John,Nebraska,86312,-0.671531,-58.9687295
791,Jasmine Johnson,45,835 Sharon Crest,Dorishaven,Arkansas,61857,-174.034030,-79.427501
792,Anthony Wolfe,77,4329 Leslie Fords Apt. 812,Sandramouth,South Dakota,89314,91.173546,37.0514485
793,Keith Mills,77,69042 Moreno Circles Suite 744,Kimberlyborough,Nebraska,25477,177.913362,-77.084370
794,Paula Johnson,42,2821 Ashlee Club,South Annette,Michigan,79163,-179.135552,11.261098
795,Carol White,54,09493 Bianca Drives,Castillofort,Georgia,75359,40.982854,-88.1324285
796,Kenneth Villegas,44,1011 Kristin Spur,West Haley,Colorado,42582,-141.026797,-51.4040225
797,Rebecca Hale,26,536 Susan Valley,North Ronaldside,Arkansas,02117,143.239120,60.8472665
798,Sophia Lewis,77,454 Lin Plains,North Jacqueline,California,74868,-32.809037,-0.844024
799,Jason Kelley,78,85604 David Corner,New Donnamouth,Mississippi,74836,111.227519,-63.284890
800,Jennifer Davenport,72,083 Adkins Gardens Suite 225,Port Emily,Georgia,59334,-168.455548,48.094132
801,Daniel Lee,33,762 Harris Trafficway,Jesusfort,Maryland,73371,23.376148,43.7610415
802,Morgan Gonzalez,34,919 Lara Highway Suite 538,Vargasmouth,Nevada,79213,-1.642999,45.662448
803,Patrick Jones,79,705 Thomas Loaf Suite 651,Collinsmouth,Minnesota,14300,-46.547800,-59.4418285
804,Tracy Garrett,45,414 Wu Port,Rodriguezfurt,Georgia,23027,62.181380,-74.2330895
805,Christy Herring,24,6246 Fuentes Garden Suite 116,Dixonfurt,New Jersey,80584,-16.107567,-19.2896655
806,Aaron Delacruz,33,875 Chandler Alley,Freemanville,California,78888,-105.419381,83.738807
807,Christina Torres,21,761 Mario Spring,Hendersonland,Ohio,49705,-174.766376,-10.6304845
808,Susan Kelly,47,3984 Melissa Camp Apt. 358,South Ethanland,Pennsylvania,96441,-40.327332,-5.154244
809,Edward King,55,085 Manning Forges Apt. 527,Colontown,Kansas,08804,70.703940,5.579907
810,Derek Nunez,76,85218 Robert Tunnel Apt. 113,New Cynthiatown,Kansas,82269,-158.926653,-24.553678
811,Connie King,44,686 Barr Ville Suite 760,Edwardsville,West Virginia,35358,-32.945948,-70.8014065
812,Paul Mcmahon,61,431 Wall Shoals,North Elijah,Alabama,01258,-47.096203,6.7982055
813,Mr. Brandon Hawkins MD,69,9902 Clayton Junction,Stephenfurt,Iowa,73600,-153.664984,23.643487
814,Mary Shaffer,78,08814 Haley Way,Nashchester,California,25092,7.334932,-1.4145875
815,Stephanie Phillips,33,187 Amber Junction,Sarahland,West Virginia,49062,65.057037,20.7352155
816,Jonathan Robbins,65,82634 Joshua Flat,South Gary,Idaho,92716,127.599045,-43.734981
817,Tammy Brown,23,6531 Butler Village,Jeffville,South Carolina,64595,153.123830,-5.8754155
818,Jennifer Porter,48,27931 Stephanie Turnpike Apt. 298,Shepherdberg,New Mexico,72127,-155.624388,-83.040453
819,Devon Jackson,73,1305 Dustin Rapids,East Laura,Michigan,26396,-93.059318,22.6698815
820,Samantha Hammond,72,74709 Taylor Tunnel Apt. 236,Avilastad,North Dakota,08826,83.607798,79.479158
821,Troy Jackson,33,18712 Davis Alley Apt. 456,West Stephanie,Virginia,43708,123.126339,-1.0268055
822,Mary Pugh,62,285 Samantha Island Suite 572,Masonbury,Michigan,35171,73.155906,-23.715805
823,Natalie Green,48,18594 Miller Plains Suite 986,Port Debra,North Dakota,43137,-110.530827,18.1146795
824,Megan Newton,39,558 Walsh Ferry,North Brooke,Virginia,77952,115.829477,-0.616578
825,Katherine Holt,51,75266 Michael Street Apt. 685,Madisonburgh,New Jersey,80600,160.129377,1.7603315
826,Matthew Guerrero,74,640 King Turnpike,West Janet,Connecticut,59289,166.419858,-74.330687
827,Harold Mccullough,78,8629 Kelley Club,East Dylan,North Dakota,82128,19.561670,-63.1833045
828,Leroy Moore,47,37894 Amanda Throughway Suite 705,Joshuabury,Mississippi,22684,-10.923990,-37.8676155
829,Jose Moody,57,4753 Washington Village,North James,Wisconsin,44391,-5.151293,-3.3148895
830,Carolyn Hogan,44,535 Sullivan Fall Suite 561,Burtonfort,Oregon,06553,-95.563069,12.306459
831,George Jones,40,987 Silva Road,Coltonberg,Ohio,84199,-61.705690,-38.8705435
832,David Daniels,23,091 Smith View,Lake Aaronstad,Alabama,20671,34.164492,39.7149035
833,Stephanie Acosta,64,86290 John Springs Apt. 472,East David,New Hampshire,70442,150.589802,-46.8039325
834,Christopher Bruce,56,248 Gentry Wells,South Grant,Nebraska,02523,102.185693,-83.502650
835,Rachel Jones,44,92589 Barnes Village,East Arthurchester,Washington,31016,178.076371,60.4826015
836,Alexander Wallace,40,090 Sara Plains Apt. 135,Danielfurt,Iowa,58773,76.451239,54.809142
837,Kyle Phillips,79,0500 Shelly Vista Suite 794,East Timothybury,Oregon,60811,81.559617,62.737273
838,Allen Davidson,33,6464 Wilkinson Via Apt. 525,West Curtis,New York,56457,37.862122,-7.263611
839,Jared Green,20,9811 Brenda Mission Suite 233,Jonestown,North Dakota,71071,139.222414,-65.0998975
840,Claudia Miller,18,50617 Anita Common,New Heatherside,New Jersey,27590,-140.575617,3.0714395
841,Samantha Allen,35,54252 Mcdonald Park,Grantshire,Louisiana,32333,-87.839858,36.481019
842,William Obrien,21,333 Amanda Ramp,South Laura,North Carolina,63146,19.488003,-87.564961
843,Angela Williamson,80,549 Hill Cliff,North Matthew,Michigan,69410,71.829738,11.0652755
844,Carl Taylor,37,2659 Rodriguez Estates,North Mark,Mississippi,58833,-91.883621,64.458543
845,Anthony Lynn,51,308 Hall Estate Suite 216,Karabury,West Virginia,00960,155.343885,-15.3065795
846,Cameron Strong,72,40217 Rodriguez Pines,Port Jennifermouth,Kentucky,52549,160.966598,24.7151925
847,Tyler Brooks,59,91170 Kelley Shore,South Jennifer,Nevada,04685,152.528961,-66.6100525
848,Stuart Smith,20,15638 Gabriel Union Suite 090,South Virginiashire,North Carolina,59661,-161.484149,61.2748835
849,Nathan Cobb,78,960 Wilson Camp Suite 868,Frazierport,Indiana,43686,-2.700508,49.5034675
850,Traci Torres,50,514 Mary Lock,Nathanport,Maine,69237,151.987772,-25.010329
851,Kathryn Robinson,19,584 Jessica Streets Apt. 145,Curtisborough,Idaho,48054,-83.163680,89.7927825
852,William Perry,49,0555 Ashley Inlet Apt. 892,Jennaville,West Virginia,45158,103.595084,-21.598745
853,Kelly Kemp,45,12970 Soto Crossroad Apt. 602,East Nicholas,Oklahoma,13105,-18.437615,13.044701
854,Rebecca Hammond,45,32595 James Prairie Suite 310,West Anita,Arkansas,01482,86.116661,-86.053428
855,Nicholas Faulkner,63,84131 Patricia Village,Lisaton,Alaska,29212,-57.274350,-48.013783
856,Mary Morales,68,966 Chung Crest Suite 718,Tammymouth,Tennessee,68399,-55.130405,69.4437025
857,Amanda Cole,69,89376 Clark River Suite 545,Guerrafurt,Wisconsin,67582,89.181668,32.4454795
858,Gerald Durham,56,0288 Tyler Road,Michaelburgh,Louisiana,36657,-93.130141,61.496072
859,Leonard Ross,38,71435 Ward Greens,Hoganstad,New Mexico,21369,144.162003,-76.6386355
860,Christopher Armstrong,73,6251 Campos Forks,New Mia,California,48242,-14.672603,-27.182075
861,Christopher Aguilar,36,34132 Joshua Mill Suite 207,Millerfort,Iowa,26495,57.244781,65.8642895
862,Dr. Gabriel Moore,25,1758 Anderson Mall Suite 248,Port Ricardo,Alaska,72626,88.251234,10.478303
863,Jennifer Harrington,75,343 Reeves Tunnel,Stephensfort,Kansas,91958,-72.040493,-75.9941055
864,Gwendolyn Thomas DDS,36,68673 Simmons Tunnel Apt. 063,Robertstad,Indiana,23200,54.107504,-79.2182585
865,Katherine Henderson,35,52794 Lowe Common,South Antonioside,Louisiana,48855,-179.372750,26.028936
866,Kathleen Leblanc,58,25973 John Crescent Suite 727,West Sarahstad,Connecticut,47829,-55.555808,79.802898
867,James Nichols,60,3711 Rodriguez Mall Suite 309,New Antonioburgh,Kentucky,64524,94.820017,81.1721045
868,Sean Hurst,65,6471 Paul Lane,Amyberg,Pennsylvania,76566,131.526281,47.1761265
869,Megan Harris,73,3996 John Vista,East Anna,Maine,76787,-69.051931,83.459277
870,Savannah Spencer,79,8684 Amanda Cove Suite 883,Mendezfort,Hawaii,48672,-100.546932,9.3530685
871,Kenneth Jones,48,35982 Patricia Place,West Rebecca,Hawaii,27125,-101.954838,41.817524
872,Hector Olson,64,531 House River Apt. 180,New Roberthaven,Kentucky,44062,173.451606,-3.9837165
873,Holly Bates,60,2362 Newman Place Apt. 278,Port Robert,South Carolina,47187,-179.763084,-85.050433
874,Jeffrey Hernandez,34,654 Sara Field Apt. 508,Pattersonberg,West Virginia,08594,-110.090849,-84.758935
875,David Ho Jr.,36,1638 Wright Ranch Suite 659,Sandersview,Massachusetts,10688,128.090413,-86.5414315
876,Darryl Howard,28,0577 Lopez Stravenue,West Sabrinamouth,Nevada,59387,164.560895,7.508407
877,Taylor Paul,67,805 Johnson Harbor Suite 987,West Vincent,Minnesota,63910,-115.409459,-22.3378515
878,Linda Williams,38,94576 Andrew Islands,Lake Andrewbury,Delaware,42853,-20.666451,-40.8679315
879,Tyler Olson,76,2501 Cunningham Way Suite 814,Jonesland,North Dakota,39918,-61.176096,35.0634285
880,Wendy Davis,67,502 Rebecca Gardens,Lake Trevorside,Rhode Island,56918,-76.614487,35.149721
881,Shawn Romero,24,83212 Welch Garden Suite 028,North Kellishire,Missouri,00536,-65.510066,19.947987
882,Daniel Martinez,27,1897 Cheryl Mews Suite 568,North Ralphburgh,Oklahoma,26574,83.783079,-26.613349
883,Kara Phillips,66,912 Ortega Mountains,Sarahbury,Texas,70210,107.774014,-74.8015285
884,Ryan Fowler,20,29464 Bryan Locks,New Jenniferhaven,Pennsylvania,40492,-95.835315,-44.5579985
885,Emily Hall,74,1545 Michelle Ranch,Markborough,Nevada,75483,85.588090,-12.8561145
886,Tiffany Flores,71,07219 Robert Isle,South Jamesport,Kentucky,42590,-70.442152,-40.7802535
887,William Larsen,56,4753 Freeman Wells Suite 359,East Danielle,Kansas,81453,74.461554,31.406522
888,Jeff Hall,80,17599 Miller Summit,Wendytown,North Carolina,54611,-53.516816,-19.1096115
889,Andrew Mendoza,57,359 Estes Shores Suite 920,West Grace,Hawaii,75496,-78.536983,-44.981159
890,Joseph Jackson,43,7863 Ann Neck,South Katherine,Virginia,60118,170.389630,-10.2546915
891,Tyler Butler,80,0418 Delgado Spurs Apt. 392,Rosechester,Wisconsin,31582,-72.031181,-67.7941855
892,Anthony Newman MD,32,56596 Garcia Corner,Port Sydney,Virginia,40090,153.416617,-78.4843895
893,Amanda Duarte,61,2813 Terry Meadows Suite 936,New Pam,Arkansas,13199,-138.012744,78.0298045
894,John Soto,63,17359 Vega Creek Suite 003,East Haydenfurt,New Jersey,48159,23.256253,-81.908226
895,Steven Compton,61,26393 Krista Pike Suite 435,Currymouth,North Dakota,13511,43.171248,2.189907
896,Maria Stewart,29,726 Howard Cliff Apt. 589,West Kent,North Carolina,32941,119.410262,-10.4517305
897,Darlene Taylor,76,15644 Taylor Spur,Clineville,Maryland,92666,-97.149799,-49.1267005
898,Autumn Hunter,58,378 Taylor Unions,Mcknightburgh,Utah,39646,-59.696844,-82.4989575
899,Madeline Jackson,36,54273 Daisy Stravenue Suite 514,Thomasville,Connecticut,33527,-95.172014,-55.9550805
900,Joseph Wade,59,267 Tyler Underpass Suite 366,Davidville,New Mexico,13901,161.733675,-62.6549025
901,John Watson,66,490 Ann Lodge Suite 755,Jonesland,Massachusetts,73008,47.753828,-89.880695
902,Adrian Ortiz,35,4229 Amy Prairie,Lake Ashleymouth,Montana,37933,-103.069093,-79.172664
903,Chad Jones,35,72894 Melissa Grove Apt. 298,South James,Virginia,98265,-86.942429,11.4299075
904,Leslie Wright,60,959 Baker Vista Apt. 216,East Victoria,Alaska,93644,-155.611586,-62.0127065
905,Sean Martin,20,26320 Scott Corner Suite 550,Port Tammyland,Missouri,73431,-151.680401,-7.6711755
906,Joy Johnson,53,9888 Herrera Fall Apt. 811,South Terry,New Jersey,55739,-23.650178,-78.7832875
907,Sarah Cruz,59,216 Sarah Motorway Apt. 150,South Pamela,North Carolina,38944,79.191283,-5.1139285
908,Rachel Haney,67,22083 Jennifer Drives Apt. 126,Lake Reginaport,New Mexico,36013,12.700128,46.5374795
909,Matthew Freeman,78,119 Fisher Island Suite 053,New Anne,New Jersey,48013,-103.936406,74.4412825
910,William Wallace,64,1719 Dunn Mount Suite 317,Judymouth,South Carolina,46141,84.085878,54.4218055
911,Douglas Bowman,52,228 Tucker Lake,South Mary,Oregon,52200,98.134689,37.8604705
912,Tammy Stewart,62,75426 Morgan Land,Dianaside,Delaware,69080,82.734638,-11.2133945
913,Kristie Lawson,35,651 Liu Keys Suite 203,East Anthony,North Dakota,07455,11.269073,54.296141
914,James Lee,26,67447 Kimberly Trail,North Ryantown,Kentucky,38680,70.895694,67.9109245
915,Jessica Thomas,77,3588 Felicia Camp,Annestad,Colorado,06212,-134.026925,89.127226
916,Stacey Aguilar,46,141 Steven Locks Suite 279,Tanyaburgh,Illinois,71873,-91.900320,51.406763
917,Sara Olson,52,68137 Tracy Parkway,New Jesse,Florida,91116,1.966263,36.3136305
918,Sabrina Dean,37,99131 Brown Fields Suite 444,West Victoria,South Dakota,65544,26.717706,-79.975299
919,Steven David,75,030 Malone Trail Suite 689,Valerieburgh,Delaware,10840,-18.671630,-49.0512045
920,Paul Howe,28,983 Jennifer Islands,Port Stacy,Mississippi,23499,54.910460,48.317717
921,Michael Bates DDS,64,08222 James Throughway,Emmafurt,Rhode Island,13227,-39.998461,64.875227
922,Matthew Johns,71,424 Mullen Roads Suite 639,Moniquefurt,Texas,89975,-77.459735,32.749718
923,Mr. Edward Morton,23,27602 Adam View Suite 291,Campbellmouth,Hawaii,45027,156.635096,54.8328285
924,Elizabeth Wilkins,18,305 Ruiz Park,Whitehaven,Montana,29552,42.606540,19.598380
925,Marie Hardin,41,869 Michele Walk Apt. 652,Port Bobbymouth,Nebraska,61078,153.007561,-3.497604
926,Shawn Chambers,74,7589 Thomas Springs,East Denisechester,Oregon,92486,73.005091,-71.596562
927,John Hopkins,26,76024 Le Cliff Apt. 243,Lake Jeromeview,Georgia,40457,164.928504,-52.063842
928,Shane Roberts,38,25962 Sara Shoal,Brooksland,Alabama,86022,110.464737,66.494202
929,Donald Kaiser,30,171 Todd Spur,West Robertfort,Nevada,54797,-178.572446,74.0427965
930,Vanessa Harding,78,29004 Liu Keys,New Nancy,Georgia,47913,97.495820,-37.5258365
931,Jeremy Brooks,34,6967 Rogers Stream,Port Jane,North Dakota,71673,166.419648,71.8556685
932,Jose Simmons,49,412 Jennifer Cliff,Christinastad,Florida,38569,-30.654574,-75.8358565
933,Kenneth Powell,26,2513 Erica Mountains Suite 329,Port Mathew,Wisconsin,97883,-101.606782,69.0408035
934,Jennifer Hernandez,75,250 Hamilton Point,Eugeneberg,South Dakota,25676,112.510608,-0.247255
935,Matthew Aguilar,26,425 Jennifer Junctions Suite 600,Stephanieport,Wisconsin,42904,-147.564627,8.4761065
936,Laura Miles,36,1648 Lopez Greens,New Robertton,Arkansas,99863,-160.238067,-16.2072515
937,John Reyes,21,217 Robert Lodge,Reynoldsland,Arizona,39666,-131.337788,47.054423
938,Timothy Sanchez,44,13015 Nelson Gateway Apt. 553,Nelsonfurt,West Virginia,92056,-12.046309,1.2115015
939,Jennifer Singh,49,7731 Raymond Gardens Apt. 628,Williamsonshire,Alaska,03815,90.603652,6.338519
940,Mariah Petty,22,9147 Buckley Ranch Suite 699,Mckinneyshire,Alabama,23395,147.514377,-88.2003705
941,John Roman,33,5823 Evans Mountain Apt. 209,Jorgebury,Virginia,16282,-63.212619,-14.545989
942,Karen Hill,41,64073 Deborah Stream Suite 344,South Annaburgh,Oregon,47620,-108.494468,2.374185
943,Sonia Rogers,41,7818 Scott Haven Suite 279,New Cindyfort,Illinois,11691,112.818936,33.532070
944,Patrick Johnson,30,4074 Thomas Fords Suite 811,North Barbaratown,Pennsylvania,45073,90.646488,79.169142
945,Gabriella Ramirez,61,84687 Hoffman Stream Suite 685,Guzmanberg,Indiana,70123,-41.709771,-23.920235
946,Tonya Taylor,30,612 Wolf Stravenue Apt. 603,Lake Brian,Louisiana,06150,-116.043175,-6.4119265
947,Mark Hill,66,330 Brendan Trail,Hunterhaven,Connecticut,92038,28.382890,-65.4821515
948,Michael Lewis,58,5758 Scott Mountains Apt. 097,South Christophermouth,Kentucky,26902,15.869790,-9.3971225
949,Michele Bryant,49,74114 Olsen Forge Apt. 479,Lake Adamberg,New York,08017,-154.823820,24.3614155
950,Jeremy Gallagher,38,44884 Martin Fork,Lake Richard,North Dakota,39962,89.790531,-36.7204945
951,Robin Reyes,45,9020 Jackson Harbor,North Haydenton,Mississippi,97614,46.719040,48.622530
952,Bonnie Bradley,61,5502 Jordan Valley Suite 166,Reedshire,Oklahoma,74575,-168.338163,-63.413005
953,Frederick Graham,48,2978 Porter Creek,Port Gregory,Rhode Island,94491,68.346022,74.7390145
954,Elizabeth Williams,75,6197 Valenzuela Alley Apt. 770,West Joshuaville,Kentucky,10691,-51.480571,-80.4183255
955,Brittany Hart,79,540 Wendy Junctions Apt. 233,Christophershire,Nebraska,72847,96.565328,14.164776
956,Brandy Ochoa,31,07255 Tammy Roads Suite 470,New Regina,Kentucky,67759,81.465869,-1.148908
957,Andrew Thomas,28,9344 Eric Creek Apt. 068,Alexisfurt,Virginia,80085,-79.609359,-51.7197285
958,Angela Gibson,47,3629 Martin Springs,Ryanview,North Carolina,77382,179.353250,3.3524925
959,Scott Hernandez,62,201 Lee Pass Apt. 287,Lake Shane,Pennsylvania,27001,-120.713423,-17.6828705
960,Michael Walters,38,870 Butler Ports Suite 209,Johnview,New Jersey,89994,-150.546540,-31.167222
961,Andrew Osborn,29,462 Christopher Island Suite 104,West James,Alaska,78498,108.068341,71.0588455
962,Keith Olson,29,6996 Bartlett Locks Suite 659,Landryton,Kentucky,66647,-98.624690,-32.5681695
963,Rodney Hubbard,65,5762 Lee Cliffs Apt. 834,Lake Kevin,Pennsylvania,72479,24.663926,-17.623042
964,Amanda Carter,31,887 Ryan Pine,Lake Debra,Massachusetts,21553,174.744914,-25.8701965
965,Emily Jones,70,5180 Robert Glen,Gomezfurt,Arkansas,17214,-9.088930,-52.523185
966,Andrew Marshall,19,3048 Steven Village,Daniellefort,Hawaii,26932,143.124642,-0.7761025
967,Amanda Klein,29,80007 Anderson Drive,Lake Colleen,Minnesota,32600,99.360553,14.1883885
968,Margaret Robinson,26,343 Warner Fields,Rebeccastad,Nevada,47982,62.469696,30.926199
969,David Abbott,26,621 Richardson Crest,New Jaime,Wyoming,54350,-145.609731,-17.602470
970,John Lopez,18,364 Anderson Parkways Suite 395,West Shannonport,Ohio,52581,132.984004,37.6456455
971,Brandon Evans,65,57964 Mary Neck Apt. 823,Matthewbury,Montana,35170,-170.020901,31.735113
972,Christopher Ortiz,62,64533 Fleming Road,Gracemouth,Vermont,89905,137.370695,45.3560125
973,Mark Ryan,36,114 Anthony Summit Suite 281,Lake Megan,Arkansas,09889,-49.150101,28.5948275
974,Michael Holt,73,8671 Robinson Overpass,Hallbury,Ohio,82187,86.339432,25.235681
975,Darryl Carpenter,66,9366 James Cove Apt. 283,Sanchezville,Wyoming,26521,-35.919204,-58.069416
976,Kim Bush,48,408 Smith Canyon Suite 052,New Robinburgh,Texas,56050,160.234950,-82.7129165
977,Alexander Green,72,32575 Daniel Keys Apt. 001,Mathisville,Utah,20930,146.637766,-85.888155
978,Adam Parrish,65,86894 Johnson Orchard Suite 095,West Ericport,Nebraska,68989,82.529455,-51.327796
979,Mr. George Carpenter,50,349 Carter Keys Apt. 666,West Alexander,New York,23792,174.780725,77.8635495
980,Mark Lozano,64,9728 Hall Mews,North Sarahmouth,Wisconsin,58004,-154.871605,-70.1846655
981,Whitney Peterson,64,24253 Villarreal Summit Apt. 312,Hermanfort,Vermont,89923,63.927445,76.8822235
982,Steven Taylor,32,54040 Benson Pine,West Donna,South Carolina,23272,109.666098,-9.2261745
983,Steven Melendez,44,770 Taylor Falls,Johntown,Hawaii,11260,-38.761933,32.366286
984,Richard Jackson,64,9261 Le Street,Brownstad,Indiana,25068,-176.690806,-28.967363
985,Kyle Duncan,31,6608 Lewis Vista,Josephfort,Mississippi,21531,-117.046906,-10.705810
986,Ms. Rebecca Frank MD,78,0277 Miller Ridges,Edwardsfort,Alaska,85006,98.881909,62.680473
987,James Velez,26,6880 Johnson Roads Apt. 854,New Adrian,Washington,26429,129.183303,59.1263425
988,Richard Madden,43,8557 Jennifer Viaduct Suite 922,Port Joseph,Minnesota,57120,10.955786,79.1192785
989,Willie Gardner,44,139 Craig Plain,Port Andrewland,Kentucky,90036,-39.905150,55.848688
990,Christina Wells,72,9393 Hernandez Road Apt. 927,Woodsmouth,Nebraska,23001,56.378229,-86.323534
991,Jonathan Duncan,28,1104 Lauren Haven Suite 903,Ralphshire,West Virginia,68983,-157.918083,43.8450575
992,Crystal Gonzalez,71,9208 Malone Turnpike,Andersonside,Massachusetts,92276,108.559401,29.2946435
993,Jill Davis,76,996 Morgan Centers Apt. 704,Richardsonmouth,Missouri,64105,118.341393,59.3470925
994,Rodney Perez,43,943 Ramos Harbors,Port Michaelhaven,Minnesota,50371,80.556535,46.5489865
995,John Riley,60,364 Christina Terrace,Nicholasberg,Texas,55640,84.877992,-31.824994
996,Cynthia Gillespie,78,4510 Gloria Cliffs,Thomasmouth,Alaska,00596,-112.420368,-65.7304275
997,Latoya Payne,80,101 Newman Hills,North Brittanyside,Virginia,22390,59.667032,-0.766925
998,Angela Powell,46,73786 Christopher Pine Suite 264,Bradleyberg,Arkansas,94233,-86.740124,-49.542063
999,Jessica Jackson,51,760 Patrick Causeway Apt. 391,East Kaylaport,Nebraska,90506,5.304417,-7.7382005
